uuid,old_name,new_name,type
e3ba395e-fd2f-3668-aee1-311195c02835,"Ethanol, 85%, blended, at service station","Ethanol; 85%, blended; at service station",flow
28579c88-adc1-468a-aa24-b333dccb85c1,"Hydrogen combustion, energy",Hydrogen combustion; energy,flow
12e1296e-4e80-35e8-910a-de17402a0b9c,"Copper, at plant",Copper; at plant,flow
db6a6bc6-fc77-3d70-ad69-54c6a2ac64fd,"Aluminum, secondary, extruded",Aluminum secondary; extruded,flow
dae8a18a-3a1d-46a4-90bd-d5e7fcc83ca0,"Waste, solvents, combusted in industrial boiler","Waste, solvents; combusted in industrial boiler",flow
5d0039c4-d627-391e-bd1d-b8efea18d6d6,"Filter media, at plant",Filter media; at plant,flow
b544e484-ebb7-32bf-a241-385457452aa8,"Tetrafluoroethylene, at plant",Tetrafluoroethylene; at plant,flow
9d4fa335-7916-3bf5-be4d-814cbb176908,"Glycerin, at plant",[deleted],flow
71013162-ee53-3d6a-9089-40391353e875,"Recycled municipal solid wastes, unspecified",Recycled municipal solid wastes; unspecified,flow
2408c743-f372-340d-b698-3f2e90db7435,"Printed wiring board, through-hole mounted, unspecified, Pb free",Printed wiring board; through-hole mounted; Pb free,flow
d74be1fd-6f04-3682-b097-4158ebf5aa2f,"Metal composite material (MCM) panel, at plant","Metal composite material, MCM, panel; at plant",flow
59feb9a9-a358-3419-a032-57f06342692d,"Butyl acetate, liquid",Butyl acetate; liquid,flow
32a2de19-4a9c-38f2-8f75-34f7a9108d05,"Polyethylene terephthalate, granulate, amorphous, at plant","Polyethylene terephthalate; granulate, amorphous; at plant",flow
432a8698-c146-4d6d-bca5-cb4b14a4159e,"Tetrachloroethylene, at plant - RER U",Tetrachloroethylene; at plant,flow
eeb535fb-9ac1-3db7-bad5-50a7c0aa884a,"Scanner, department, i5800",Scanner; department; i5800,flow
38cf6f7f-d690-4340-9287-a97c0f41c3b5,"Asphalt Concrete, landfilled",Asphalt concrete; landfilled,flow
400b2d60-d2b9-3e36-a89f-53a7f1349f86,"Chemicals organic, at plant",Chemicals organic; at plant,flow
df38aadc-e068-3c51-906f-83eb96b81bb8,"Boric acid, at plant",Boric acid; at plant,flow
30ef4b2a-22bf-341d-b494-bbd13eab3c71,"Isobutyl acetate, liquid",Isobutyl acetate; liquid,flow
735f1d86-f99a-3ffa-adae-176c545744ab,"Transport, ocean freighter, residual fuel oil powered",Transport; ocean freighter; residual fuel oil powered,flow
54f0ebc7-6b9a-3627-ad73-a798371d7ebd,"Concrete Pipe, 36""","Concrete pipe; 36""",flow
3a69b037-90a4-3e38-833a-2df45fe9e931,"Iron (III) chloride, 40% in H2O, at plant",Iron (III) chloride; 40% in H2O; at plant,flow
c3aac8fe-04dd-4ca7-b335-0406feab793a,"Disposal, sand, to sanitary landfill","Disposal, sand; to sanitary landfill",flow
0e111ee2-6bf1-38dc-811a-17d8f5f5eeab,"Scanner, department, i4200, i4600","Scanner, department; i4200, i4600",flow
ac1212ed-6bb6-47f7-a5a0-2b4faea4a276,"Disposal, wood ash, to uns. beneficial use","Disposal, coal ash; to uns. beneficial use",flow
9ab9dc1f-c24b-34c1-8532-498c278451ee,"Slag, at blast furnace",Slag; at blast furnace,flow
d0ebefdd-4f41-3020-8f0f-c91ecba7e10d,"Latex, at plant",Latex; at plant,flow
1513327d-cc80-37e8-86b7-7e4302984e4a,Wood fuel; softwood; kiln dried,"Wood fuel; softwood, kiln dried",flow
524fd4ed-beef-3c60-a17b-fa0ba1842eeb,"Transport, single unit truck, short-haul, gasoline powered","Transport; single unit truck, short-haul; gasoline powered",flow
9d61a4d6-616a-35ab-98a2-26c02cd5a3ec,"Pulp, deinked market, bleached, at mill","Pulp; deinked market, bleached; at mill",flow
b3459cd3-884c-32ba-93c9-c3a2efdc4b49,"Atrazine, at regional storehouse",Atrazine; at regional storehouse,flow
00a48238-2097-3fa1-a352-47c9563953c5,"Urea, at regional storehouse",Urea; at regional storehouse,flow
f90f9f47-01f5-3e91-a9f3-537c6f34af0c,"Propylene Glycol, liquid, at plant",Propylene glycol; liquid; at plant,flow
406c4d5a-ada0-349f-be88-0b9708780f42,"E-glass, at plant",E-glass; at plant,flow
bcf2a6f6-ea15-4e61-b213-a6cc23a845f7,"Sodium hydrogen sulfite, 12.5% in solution",Sodium hydrogen sulfite; 12.5% in solution,flow
8cd24684-a777-3c3d-8134-713acad3dc1b,"Softwood with bark, avg. intst. harvest, at mill, US SE, in pulp","Softwood with bark; average harvest, in pulp; at mill; US SE",flow
c5902052-45c9-3f0d-b355-26b464f4e196,"Sodium sulfate, at plant",Sodium sulfate; at plant,flow
13ed0c67-549c-3a01-afee-7083b12dd949,"Transport, combination truck, long-haul, diesel powered","Transport; combination truck, long-haul; diesel powered",flow
0c6a316e-1157-3440-a145-9fb9bef39261,"Optical brightner, at plant",Optical brightner; at plant,flow
b842a1f7-5cbb-4124-9275-4adda2695a64,"Disposal, wood ash mixture, pure, 0% water, to uns. land application","Disposal, wood ash mixture; pure; 0% water; to sanitary landfill",flow
328b0d8e-85df-477f-8684-fd42da4ff048,"Disposal, sludge, containing nitrate compounds, to sanitary landfill","Disposal, sludge containing nitrate compounds; to sanitary landfill",flow
ee474e27-a859-3c52-8003-75251e7bcc7a,"Solvent, at plant",Solvent; at plant,flow
ae9b6fe4-7936-3620-b88e-1d03301c0163,"Disposal, waste, deposited","Disposal, waste; deposited",flow
f6f5f699-2201-3a9e-992c-40e22a6e6e01,"Sodium Methylate, at plant",Sodium methylate; at plant,flow
d52d2a98-35ce-30a6-9013-fd2587a1967d,"Single-ply, white, polyester reinforced PVC roofing membrane, 60 mils - 1.524 mm","Single-ply white polyester reinforced PVC roofing membrane; 60 mils, 1.524 mm",flow
3e9ebccd-8eef-3935-8d40-42b77fa4a257,"Ammonium sulfate, 20% solids, at plant",Ammonium sulfate; 20% solids; at plant,flow
0e5e3079-33df-31fd-ad79-8b8feff08fb6,"Transport, combination truck, long-haul, electricity powered","Transport; combination truck, long-haul; electricity powered",flow
164869a7-0657-4889-af36-6643720e09e4,"Disposal, solid waste, fuel, to municipal incineration","Disposal, solid waste fuel; to municipal incineration",flow
2bb0cd6b-941b-38da-856c-1b7bd0cc5f49,"Polyvinyl chloride resin, suspension grade PVC; at plant",Polyvinyl chloride resin; suspension grade PVC; at plant,flow
be5da5d8-8c4a-4228-b93e-12b03d0d9725,"Bisphenol A, at plant",Bisphenol A; at plant,flow
e47ab562-c93a-49d7-8fdb-58df4dd7fbcc,"Disposal, other solid waste from plant, to uns. land application","Disposal, wood ash; to uns. beneficial use",flow
00b08f68-2fb1-3f4f-bef3-e6f3f4d70de3,"Phenol resorcinol formaldehyde resin, at plant",Phenol resorcinol formaldehyde resin; at plant,flow
023f9fc5-7c33-313e-bba0-43305bc535e2,"Phthalic anhydride, at plant",Phthalic anhydride; at plant,flow
80e4ff02-d959-3ec5-a5df-3ed385d7df0c,"Sulfur, thermochemical process",Sulfur; thermochemical process,flow
88f1219a-d464-3e29-b43d-7a4d6ca4db8d,"Steel, cold-formed studs and track, at plant",Steel; cold-formed studs and track; at plant,flow
057a281a-908b-3adf-8f51-ed79fe5c5a9b,"Transport, pipeline, natural gas",Transport; pipeline; natural gas,flow
f8a03d5d-5254-3cb7-a305-58af0685b432,"Single-ply, white, polyester reinforced PVC roofing membrane, 40 mils - 1.016 mm","Single-ply white polyester reinforced PVC roofing membrane; 40 mils, 1.016 mm",flow
ff27c858-39e1-46e0-81c2-f321153e2891,"Disposal, coal ash, to uns. landfill","Disposal, chemical waste; unspecified; to unspecified treatment",flow
8a848faa-996b-39f4-a2ec-e9a1df693278,"Transport, combination truck, compressed natural gas powered",Transport; combination truck; compressed natural gas powered,flow
8dd01d0e-7cc4-4fe1-a1af-fe78652dd4cf,"Recycled postconsumer polypropylene, PP, pellet","Recycled postconsumer polypropylene, PP; pellet",flow
0461a6e2-75a9-36af-8e1a-c9ad9dcdb99d,"Carbon monoxide, at plant",Carbon monoxide; at plant,flow
5d654bf4-6e33-3b78-90e3-419cdb8e3817,"Alachlor, at regional storehouse",Alachlor; at regional storehouse,flow
d0207892-1d62-3649-b2a7-4f5bd03b8a73,"Transport, single unit truck, long-haul, compressed natural gas powered","Transport; single unit truck, long-haul; compressed natural gas powered",flow
c02eabee-96d8-3f58-91d7-1652ef6e3648,"Core board, at plant",Core board; at plant,flow
234d7326-0c43-3c3d-9f04-c7da73f3f2a0,"Sodium hydrosulfite, at plant",Sodium hydrosulfite; at plant,flow
89095462-b368-33cc-9d23-fe9d0d69201c,"Grinding aids, at plant",Grinding aids; at plant,flow
8bad5285-6bca-380a-89e1-adf554d134f0,"Secondary bonding application, rigid composites part, at plant",Secondary bonding application; rigid composites part; at plant,flow
c2cc68fe-1754-3468-a973-51c2f5c82fcd,"Transport, barge, residual fuel oil powered",Transport; barge; residual fuel oil powered,flow
5a5e261a-2f46-3391-8bf9-84e626efeb59,"Conveyor belt, at plant",Conveyor belt; at plant,flow
27a6e1c4-521c-3cdb-9a43-3b8827599651,"Mixed recyclables, at collection, curbside, volume basis",Mixed recyclables; at curbside collection,flow
bbfd6ffd-e953-4202-8e09-cf149e3b485b,"Disposal, slag, steelmaking, to unspecified treatment","Disposal, slag steelmaking; to unspecified treatment",flow
d53a4cf5-d6ae-3f33-b897-975d6ba2eb11,"Automotive painting, electrocoating, per m2",Automotive painting; electrocoating,flow
e3dfc9b8-a8d8-3b5e-b222-e1f55c29f99f,"Disposal, tailings, deposited","Disposal, tailings; deposited",flow
87f08e97-c8ca-3ff5-9cfe-0b2e7271180a,"Steel, secondary, at plant",Steel; secondary; at plant,flow
3a54692b-85cb-3a4f-99a3-475ae1b06671,"Gypsum wallboard product, regular, 0.5 inch (12.7 mm)","Gypsum wallboard product; regular, 0.5 inch, 12.7 mm",flow
7dc8e563-0e33-399c-801f-2f9c45612b16,"Creosote, at plant",Creosote; at plant,flow
7eb5fa0a-92fc-34d5-a0ba-68eb39e736f5,"Expanded perlite, at plant",Expanded perlite; at plant,flow
b6fd2a6b-1140-3a94-a8df-34a5031ba57a,"Unsaturated polyester, UPR, resin, at plant","Unsaturated polyester, UPR; resin; at plant",flow
b3724299-45f9-362e-ad4d-abaab0ae3de5,Urea 40% solids,Urea; 40% solids,flow
57ce615d-ee8c-3c8d-8693-356b330f8445,"Sulphite, at plant",Sulphite; at plant,flow
4b2b4b2c-15a2-3f24-81c9-e65273e76e9a,"Body washer, at plant",Body washer; at plant,flow
44ba5894-0490-34ca-95b2-1c0fa3bc20c2,"UV-cured stain, 100% solids",UV-cured stain; 100% solids,flow
6a14d14a-c3dd-3605-95b1-bc2abb3f6b51,"Ethanol, denatured, at refueling station",Ethanol; denatured; at refueling station,flow
afb14b66-ed8f-3acf-8080-7fcfde4019ab,"Alkaline cleaner, unspecified",Alkaline cleaner; unspecified,flow
1c5b3e13-494b-43a0-8da4-f3cda8f93e55,"Alumina, at plant",Alumina; at plant,flow
4f76f422-d876-3573-b63a-2309413431bc,"Clearcoat material, at plant",Clearcoat material; at plant,flow
dde87dad-650a-3eb5-8494-6113235f5c54,"Turpentine, from industry-average containerboard",Turpentine; from containerboard,flow
750d9668-4ef6-3413-aac1-5777346d807c,"Ductile Iron Pipe, 50""","Ductile iron pipe; 50""",flow
963788d0-fd6c-3023-a251-bb133b98a858,"Prewipe, at plant",Prewipe; at plant,flow
2f568e74-ba85-3184-8269-40725b2d19c6,"Defoamant, unspecified",Defoamant; unspecified,flow
42319634-060d-48de-9450-f153bd7e34aa,"Boric oxide, at plant",Boric oxide; at plant,flow
2d20cafa-b435-3f58-b3ee-cbd81e814818,"Disposal, baghouse lime, unspecified treatment","Disposal, baghouse lime; unspecified treatment",flow
99677578-be6e-3b54-ba97-3afe1cc82ea4,"Transport, motor home, gasoline powered",Transport; motor home; gasoline powered,flow
4f228b5b-d313-454b-94cf-8d0c156ca21a,"Disposal, spoil",Disposal; spoil,flow
b53c3adc-e5ac-4222-acfc-979ba4015463,"Disposal, carbon black, to residual material landfill","Disposal, carbon black; to residual material landfill",flow
2293e639-39a3-3cbf-99cc-8cf01797aa99,"Aniline, at plant",Aniline; at plant,flow
a44c2f1b-c466-3e65-a304-c659af42233f,"Fines, at oriented strand board production",Fines; at oriented strand board production,flow
808f834e-a34b-37a0-952c-57d6d404de92,"Zinc, sheet",Zinc; sheet,flow
86330173-3836-3299-b413-83d829fb604b,"Aluminum scrap, at semi-permanent mold casting",Aluminum scrap; at semi-permanent mold casting,flow
25d73e00-0b36-4a76-b168-087f1ab49c03,"Disposal, solid waste, unspecified, to unspecified treatment","Disposal, solid waste; to unspecified treatment",flow
671bebd9-4998-4b85-9913-605f89effc5d,"Overburden, stockpiled, steelmaking, on-site, for unspecified beneficial use","Overburden; stockpiled, steelmaking, for unspecified beneficial use; on-site",flow
318ddf7f-2def-3dca-9fee-ced811100506,Bark; softwood; national forest; gentle slope; at forest road,"Bark, softwood; national forest, gentle slope; at forest road",flow
7f562370-6427-3cad-9fcd-7277dc3162f5,"Accelerator, at plant",Accelerator; at plant,flow
4943a90e-9ed9-3682-a221-ec37fde3439a,Pulpwood; hardwood; average; Low Intensity Management,"Pulpwood, hardwood; average, low intensity management",flow
0e6f89b8-2d57-3e6b-a9e8-7e5e68820470,"Ethoxylated alcohols (AE7), petrochemical, at plant",Ethoxylated alcohols (AE7); petrochemical; at plant,flow
30c89ffc-e08a-3d2b-8c96-33b2397b9bd8,"Transport, single unit truck, gasoline powered",Transport; single unit truck; gasoline powered,flow
19bbf654-b6bd-3741-8f2c-9bce8934f7b1,"Titanium dioxide, at plant",Titanium dioxide; at plant,flow
7f4b388d-12d0-32fe-9bde-fe68be67a76e,"Silver, at regional storage",Silver; at regional storage,flow
93ccefc4-7a92-358d-a7ef-5cda90b4657b,"Adhesives and binders, at plant",Adhesives and binders; at plant,flow
494e45ff-c752-37c6-9bba-3a72399b35ec,"Single-ply, white, polyester reinforced PVC roofing membrane, 48 mils - 1.219 mm","Single-ply white polyester reinforced PVC roofing membrane; 48 mils, 1.219 mm",flow
9503c3e4-b5a3-3ac8-9f09-12749c098321,"Propane, combusted in equipment",Propane; combusted in equipment,flow
ded62531-fa5b-3666-b34e-e2c76e81d172,"Fodder loading, by self-loading trailer",Fodder loading; by self-loading trailer,flow
ab52737a-38b9-3c14-bb01-893bc8308225,"Ductile Iron Pipe, 16""","Ductile iron pipe; 16""",flow
0e381047-c889-3cfe-99ce-3a60ff56dc64,"Rinse conditioner, at plant",Rinse conditioner; at plant,flow
ad141e8f-c6d9-4404-b276-6857aadcd79f,"Cyclohexane, production",Cyclohexane; production,flow
d5241b60-0466-35be-9d7d-9305a2f00479,"Electricity, hydropower, at run-of-river power plant",Electricity; hydropower; at run-of-river power plant,flow
fefb6ecd-88b9-3c8b-93f5-cf9ff3169463,"Diethanolamine, at plant",Diethanolamine; at plant,flow
d3aa62e6-8808-3aa0-9f20-1acdeb581e81,"Plastic band, for packaging",Plastic band; for packaging,flow
b235b36a-7ade-3301-acd9-e9a91a8138e8,"Transport, intercity bus, diesel powered",Transport; intercity bus; diesel powered,flow
966dc062-41a5-3049-a83e-a91f94f368b1,"Grass seed IP, at regional storehouse",Grass seed IP; at regional storehouse,flow
f8b92e78-da4e-4d28-a1e0-edfc6fa3660a,"Disposal, liquid wastes, unspecified to waste water treatment","Disposal, wood waste; to residual material landfill",flow
6f873075-c979-4869-8f3f-ec76197d0c29,"Disposal, wastewater treatment plant residuals, to uns. land application","Disposal, wastewater treatment plant residuals; to unspecified land application",flow
3026812e-20e7-3a91-98bb-57ba43ad547b,"Calcium carbonate, ground, fine treated, 3 micron, at plant","Calcium carbonate; ground, fine treated, 3 micron; at plant",flow
25f336c6-26fd-3635-978d-ae53e771c989,"Byproduct of aluminum casting, precision sand, liquid residuals","Byproduct of aluminum casting; precision sand, liquid residuals",flow
218f8159-44ed-3f71-8d24-de81476cc8a6,"Aluminum, sheet, coated, at plant",Aluminum sheet; coated; at plant,flow
655518bb-50b3-3919-838d-cb2b71721bb4,"Steel scrap, at plant",Steel scrap; at plant,flow
f867896e-830f-31f9-975d-465b212262ef,"Sulfuric acid, at plant",Sulfuric acid; at plant,flow
a5712347-2037-3946-9658-438359afc169,"Concrete Pipe, 84""","Concrete pipe; 84""",flow
5d21750f-f5c1-370a-bf4c-42ed741096e3,"Treatment salts, unspecified, at plant",Treatment salts; unspecified; at plant,flow
528ce9a9-5733-4723-9dac-aebbf2efd989,"Electricity, waste, unspecified, at power plant",Electricity; waste; at power plant,flow
f9130933-0414-3a68-8fb0-40f4bac7e13f,"Anode, at plant",Anode; at plant,flow
57c60bb5-769f-34c7-9c73-9489c495c842,"Recovered paper, mixed",Recovered paper; mixed,flow
65eb49b0-091e-3252-ad95-210a94f0d618,"Flux, at plant",Flux; at plant,flow
e88c6797-86c9-4f6b-9e04-36eff05b41e3,"Disposal, sludge, containing zinc compounds, to sanitary landfill","Disposal, sludge containing zinc compounds; to sanitary landfill",flow
abf2ce9c-d2bf-487c-9388-f45a6ea05ca2,"Disposal, hazardous waste, to incineration","Disposal, hazardous waste; to incineration",flow
70d89027-628d-3404-8458-b209e40dd0e0,"Transport, combination truck, electricity powered",Transport; combination truck; electricity powered,flow
4b455c7c-4815-3015-bf95-1e4db4959a2e,"Sodium hypochlorite, 15% in H2O, at plant",Sodium hypochlorite; 15% in H2O; at plant,flow
73397897-35ba-3539-b474-d4a12f1628d0,"Butadiene, at plant",Butadiene; at plant,flow
30a64e63-3583-3f83-8d8d-0b6ea003b888,"Bitumen, at refinery",Bitumen; at refinery,flow
f678ea5c-7cc6-4602-bdfc-1495f095d393,"Disposal, sludge, containing glycol ethers, to sanitary landfill","Disposal, sludge containing glycol ethers; to sanitary landfill",flow
7c6d6fdb-1fba-373c-9a8f-ab8a145d6ddd,"Plasticshot, polymethylmethacrylate, at plant",Plasticshot; polymethylmethacrylate; at plant,flow
83395bd6-0bea-3e6d-8f5b-a612fad9470d,"Cleaning blast, at plant",Cleaning blast; at plant,flow
15e6abd0-67ce-34f9-85b0-174a6be843a7,"Additive, low-profile, at plant",Additive; low-profile; at plant,flow
cb4f150c-4cf5-416a-816c-91da62cb2992,"Disposal, biohazard waste, to sanitary landfill","Disposal, biohazard waste; to sanitary landfill",flow
bcf7bb60-adfd-3b2c-94bb-c881e037c50e,"Scanner, department, i5200, i5600","Scanner, department; i5200, i5600",flow
e47e7aa2-c798-3c84-bcd3-ce683f06dabe,"Mixed recyclables, at collection, commercial",Mixed recyclables; at collection; commercial,flow
74291898-f3b6-4823-92d5-e966bc4d4f9c,"Landfill gas, at cracker, m3",Landfill gas; at cracker,flow
aa5f3a69-0f6b-376d-b18c-4ac895914950,"Concrete Pipe, 12""","Concrete pipe; 12""",flow
caa12b91-8e57-3eee-82c5-3de57394c4e9,"Silicon, multi-Si, casted, at plant",Silicon; multi-Si; casted; at plant,flow
c230ac64-0c56-4a4d-bbc2-041f21273ece,"Post-consumer high density polyethylene, HDPE, recovered and sorted; at material recovery facility (MRF)","Post-consumer high density polyethylene, HDPE, recovered and sorted; at material recovery facility, MRF",flow
2d9711df-a500-3bfe-9123-d26c32961e32,"Printed wiring board, power supply unit desktop PC, Pb free, at plant","Printed wiring board; power supply unit desktop PC, Pb free; at plant",flow
889db3d1-a55e-3c24-984e-ee23c829f41a,"Activated carbon, at plant",Activated carbon; at plant,flow
76b18b27-d602-4ae2-a959-d12738c429c2,"Concrete, at plant",Concrete; at plant,flow
f0da3eb4-4c3f-4d1c-9eba-4c3b8734c9d8,"Methyl methacrylate, MMA","Methyl methacrylate, MMA; at plant",flow
c5f94bb1-b39e-39fa-b616-376a30531c2d,"Kerosene, at refinery",Kerosene; at refinery,flow
170fe793-de8a-3966-b52e-98727242d2a3,"Natural gas, 16% shale blend, at consumer ",Natural gas; 16% shale blend; at consumer,flow
b86265c2-5978-3ba1-92ec-e7e0d862bc25,"Coating powder, at plant",Coating powder; at plant,flow
9f52f8d9-5c7c-3d35-a912-376b70769a26,"Transport, single unit truck, long-haul, gasoline powered","Transport; single unit truck, long-haul; gasoline powered",flow
53cf5851-1608-3f85-8846-d15fceeb2de6,"Polystyrene, high impact, HIPS, resin, at plant","High impact polystyrene, HIPS; virgin resin; at plant",flow
0def374e-dc34-4f2a-81d6-1a8f4eb7faa6,"Polyethylene, high density, HDPE, virgin resin, at plant","High density polyethylene, HDPE; virgin resin; at plant",flow
c34c4451-297f-3b5c-a15f-2c16cdb52ad9,"Quicklime, at plant",Quicklime; at plant,flow
8f715a36-b36b-3b20-81ea-7a7e1cdc47fe,"Aluminium, extrusion, at plant",Aluminium; extrusion; at plant,flow
5fabff2e-1d64-35e7-9528-7ff23586c5e9,"Aluminum, primary, smelt, at plant",Aluminum primary smelt; at plant,flow
ce26f070-52ff-3fab-bcfe-9f5ce8a6de84,"Corn Starch, at plant",Corn starch; at plant,flow
9d18d598-a81b-322a-a775-c2259ccf75f1,"Sodium tripolyphosphate, at plant",Sodium tripolyphosphate; at plant,flow
da1e1f5e-4c05-3d35-a1b1-10d095fb7a07,"Slurry spreading, by vacuum tanker",Slurry spreading; by vacuum tanker,flow
26748ece-ea96-3ba5-8c2e-e0e6fe832974,Pulpwood; hardwood; average; Med Intensity Management,"Pulpwood, hardwood; average, medium intensity management",flow
2f16c7d7-4b37-4cdc-ae87-74ecd7b0ea67,"Post-consumer fiber non-old corrugated cardboard, non-OCC, recovered and sorted; at material recovery facility (MRF)","Post-consumer fiber non-old corrugated cardboard, non-OCC, recovered and sorted; at material recovery facility, MRF",flow
4c87a23f-352e-3ce1-90be-076581400419,"Roundwood, hardwood, green, at hardboard plant","Roundwood; hardwood, green; at hardboard plant",flow
46458569-4d5e-33d7-83b9-0b04626f9f67,"[sulfonyl]urea-compounds, at regional storehouse",[sulfonyl] urea-compounds; at regional storehouse,flow
cfbc5b82-c59c-330b-a12a-134699842889,"Melamine urea formaldehyde, MF, resin, neat, 60% solids","Melamine urea formaldehyde, MF;  virgin resin, neat; at plant; 60% solids",flow
3c4ba646-7788-3607-ac03-e9945d602844,"Benzimidazole-compounds, at regional storehouse",Benzimidazole-compounds; at regional storehouse,flow
9b20d581-cc62-3313-9412-0855be3ee7c2,"Transport, combination truck, gasoline powered",Transport; combination truck; gasoline powered,flow
db548272-c05b-39c4-926e-ba9e10a29195,"Benzene, at plant",Benzene; at plant,flow
624c3cc0-99b9-4c41-9f8b-29ef3f9e15bc,"Disposal, carbon black, to sanitary landfill","Disposal, carbon black; to sanitary landfill",flow
c87f2d03-e6fb-43ed-9347-766eb2147782,"Coil, coating, m2, at plant",Coil coating; at plant,flow
45f1fd00-2093-3e05-9b41-e942b9e8cec9,"Nitrogen fertilizer, production mix, at plant",Nitrogen fertilizer; production mix; at plant,flow
813325ee-9eb4-3825-9280-bee7b1a2e9a8,"Liquefied petroleum gas, at refinery",Liquefied petroleum gas; at refinery,flow
153cadce-ae16-3fa0-9741-0eb91f1c77eb,"Disposal, industrial waste",Disposal; industrial waste,flow
ac9f972d-6835-35c6-bbc1-b5008f066e68,"Recycled petroleum based wastes, unspecified",Recycled petroleum based wastes; unspecified,flow
150f8079-a7c0-308f-bda7-33a7e40cd289,"Packaging, unspecified, at plant",Packaging; unspecified; at plant,flow
090df302-0f79-3b9d-ba80-f65ff27fd97a,"Ferromanganese, at furnace",Ferromanganese; at furnace,flow
3ec4836a-a918-4e31-865b-78a67f1be3f9,"Disposal, polyethylene terephthalate, PET, waste","Disposal, polyethylene terephthalate, PET; waste",flow
adc79a99-03bc-3f30-8e32-3fded81f5b76,"Recycled wood waste, unspecified",Recycled wood waste; unspecified,flow
8f395d18-ce0c-39a8-b548-b184a6b9ee68,"Zeolite, powder, at plant",Zeolite; powder; at plant,flow
c253c5c4-836c-356c-a161-3b55c8a09369,"Automotive painting, pretreatment",Automotive painting; pretreatment,flow
7edeee9d-751c-4dcb-86b4-53366d61393d,"Ductile Iron Pipe, 60""","Ductile iron pipe; 60""",flow
642763c5-00d7-371c-b57d-542e90bec5d8,"UV-cured sealer, 100% solids",UV-cured sealer; 100% solids,flow
43b9b0c8-a972-4069-83b8-d0b2e8e6f6df,"Construction work, heat and power co-generation, 160kW electrical","Construction work; heat and power co-generation, 160kW electrical",flow
1c84835d-be72-40b8-bdd9-c50cc5f7ee87,"Disposal, non-hazardous waste, to incineration","Disposal, non-hazardous waste; to landfill",flow
91feb044-e771-35a3-a81f-ac076c5f9b83,"Phosphorous fertilizer, production mix, at plant",Phosphorous fertilizer; production mix; at plant,flow
e8114e27-89d7-3568-a3e3-f9c3f3521c08,"Water treatment, at plant",Water treatment; at plant,flow
73359adb-92af-3f71-abd4-6a1d69f1a533,"Polyphenylene sulfide, at plant",Polyphenylene sulfide; at plant,flow
af1cb8e1-9ab5-302e-a5ec-ee74e4bfa796,"Carbon dioxide, liquid, at plant",Carbon dioxide; liquid; at plant,flow
f50aad63-87e1-4ac8-b30c-e30e6cf527c8,"Disposal, coal ash, to uns. land application","Disposal, other solid waste from plant; to uns. beneficial use",flow
e8fbfbfb-24e9-49a6-a047-41f1646bf7f7,"Steel; hot rolled coil, at plant",Steel; hot rolled coil; at plant,flow
ba93cfc7-fbe8-3a7e-8c11-19eaef561ba2,"Recovered paper, pulp substitutes",Recovered paper; pulp substitutes,flow
c9cbde44-0ff6-487b-9acb-ac43063033fe,"Chromium oxide, flakes, at plant",Chromium oxide; flakes; at plant,flow
60bfc41c-afc9-447a-b033-d93907c29249,"Disposal, ash and flue gas desulfurization sludge, to unspecified reuse","Disposal, ash and flue gas desulfurization sludge; to unspecified reuse",flow
ae95eb58-426f-3ef1-8a21-aa41766997e6,"Cold impact extrusion, aluminium, 1 stroke","Cold impact extrusion; aluminium, 1 stroke",flow
69ef8304-9821-462c-a765-652d22fdcbb9,"Disposal, grinding residue, to sanitary landfill","Disposal, grinding residue; to sanitary landfill",flow
3a201620-b6a0-3c82-bd97-e32d01683a45,"Metallurgical coke, combusted in industrial boiler",Metallurgical coke; combusted in industrial boiler,flow
fb35ea76-3255-3543-b943-8e358d2489d5,"Steel, billets, at plant",Steel; billets; at plant,flow
e4e6a1a5-64fa-31f4-9cb7-e6e7fb2b8444,"Phenol, at plant",Phenol; at plant,flow
005db14f-6fc8-32d3-95a6-c7b8b8d30fb1,"Ethanol, denatured, switchgrass, biochemical","Ethanol; denatured, switchgrass, biochemical",flow
13f37d5b-be6f-3843-9c10-f6518bab1a3b,"Agricultural machinery, general, production",Agricultural machinery; general,flow
41c0a913-a76b-4777-9e9a-7dd5845d833c,"Disposal, sludge, to sanitary landfill","Disposal, sludge; to sanitary landfill",flow
b9f994f8-a3f6-4ccf-bbe8-6d7f59adb4aa,"Polyacrylonitrile, PAN","Polyacrylonitrile, PAN; at plant",flow
afa880a0-c577-3a98-a745-0073b51f5969,"Refractory material, unspecified, at plant",Refractory material; unspecified; at plant,flow
31fe03e1-7475-3898-b444-3ac1212c78ad,"Aluminum, secondary, ingot, from beverage cans, at plant",Aluminum secondary ingot; from beverage cans; at plant,flow
22f3302c-fc6f-3f5b-9880-580498a20cfa,"Grinding media, at plant",Grinding media; at plant,flow
23942f4b-21e8-374d-83be-1c799aea1cd4,"Zinc, Special High Grade ",Zinc; special high grade,flow
dd148031-4f7d-3a55-a0da-f5b96675ae71,"Alumimum scrap, at lost foam casting",Alumimum scrap; at lost foam casting,flow
619fc5ca-8c82-48cb-bd3c-49f706db5ab0,"Disposal, slags & ash waste, unspecified reuse ","Disposal, slags and ash waste; unspecified reuse",flow
08f2b558-7aa9-4bfd-aa38-67f8b619095f,"Disposal, ash, to unspecified landfill","Disposal, mineral waste; underground deposit",flow
3fe4e0ca-d51b-3673-8fbc-49fdb489a1b8,"Spring wheat straw, production, average, US, 2022",Spring wheat straw; average production,flow
3bc4806d-fa74-3fa8-b1a9-a9039497f0c4,"Transport, transit bus, gasoline powered",Transport; transit bus; gasoline powered,flow
f2f26fa8-09fc-341a-af62-a7100fa0b8ae,"Biocide, at plant",Biocide; at plant,flow
22db42ef-4b6d-366f-a035-9c51e7ff3307,"Application of plant protection products, by field sprayer",Application of plant protection products; by field sprayer,flow
0fb2cacc-dfaf-4709-b306-23857f70f54b,"Post-consumer aluminum, recovered and sorted; at material recovery facility (MRF)","Post-consumer aluminum, recovered and sorted; at material recovery facility, MRF",flow
18a951f4-e201-425c-bea7-3a9dd773638d,"Disposal, solid waste, unspecified, to unspecified incinerator","Disposal, solid waste; to unspecified incinerator",flow
eb1b13aa-cfac-4c12-a77a-27394c85e171,"Carbon fiber, reinforced polymer, at plant",Carbon fiber; reinforced polymer; at plant,flow
4542303c-bf10-30b8-afad-67137e5b22b2,"Softwood with bark, avg.intst. harvest, at mill, US SE, in self-gen. hogged fuel","Softwood with bark; average harvest, in self-gen. hogged fuel; at mill; US SE",flow
5b0e9b4a-e8e0-39d2-adc5-354c51ffc3b8,Bark; softwood; state-private moist cold forest; gentle slope; at frst rd,"Bark, softwood; state-private moist cold forest, gentle slope; at forest road",flow
e10f94df-a7fd-3c51-9069-bc934405a957,"Maleic anhydride, at plant",Maleic anhydride; at plant,flow
56d6911a-1486-3c8e-b772-16eb1ecc8612,"Aluminum hydroxide, at plant",Aluminum hydroxide; at plant,flow
201779e6-7154-34a9-91a2-e9cde5a5af76,Bark; hardwood; average; Med Intensity Management,"Bark; hardwood, average; med intensity management",flow
73ac7c94-285c-404a-98d4-4162d5f0bf32,"Disposal, wood waste, to unspecified treatment","Disposal, wood waste; to unspecified treatment",flow
0d809ffd-dffa-4b94-b307-e3ba85ac3e31,"Disposal, low radioactive waste",Disposal; low radioactive waste,flow
658f8e12-f566-3e01-930c-e95cf9fa2c2b,"Forest residue, preprocessed, at conversion facility",Forest residue; preprocessed; at conversion facility,flow
55725953-49d5-3d31-97ab-40077034f62d,"Galvanized steel coil, coated, at plant",Galvanized steel coil; coated; at plant,flow
77abdac3-53ca-4ee2-be95-3b3686c3e556,"Xylenes, mixed, at plant, kg",Xylenes; mixed; at plant,flow
49cfd0a9-5e1e-3076-a30c-9bf39e95555e,"Haying, by rotary tedder",Haying; by rotary tedder,flow
ca6db999-3eaa-3aa7-a522-853af42c5be3,Fuel wood; softwood; green; at sawmill,"Fuel wood; softwood, green; at sawmill",flow
23aa5480-42a7-4c0c-ae0f-5d95e93e9637,"Disposal, lead containing waste, to sanitary landfill","Disposal, lead containing waste; to sanitary landfill",flow
f251ed5c-79b1-4485-889e-ca45e2918b48,"Disposal, sludge, containing 1-methoxy-2-propanol, to sanitary landfill","Disposal, sludge, containing 1-methoxy-2-propanol; to sanitary landfill",flow
96f75f3f-66af-3b40-8cd4-7a7fe91a4e17,"Biocides, for paper production, unspecified, at plant",Biocides; for paper production; at plant,flow
5e59bc89-87dd-3469-bef9-fffabbcad405,"Organophosphorus-compounds, at regional storehouse",Organophosphorus-compounds; at regional storehouse,flow
0dfdf139-c97b-3d0f-a4e7-191ff930367a,"Zinc stearate, at plant",Zinc stearate; at plant,flow
432025d7-a621-3e3e-8f5f-48eb0a2a0e1a,"Vacuum infusion, rigid composites part, at plant",Vacuum infusion; rigid composites part; at plant,flow
e44db792-600e-4b75-af39-c3c094899e9e,"Purified terephthalic acid, PTA, at plant, kg","Purified terephthalic acid, PTA; at plant",flow
3a7d26fe-7290-33b8-8c1e-1b424e86d5ea,"Transport, passenger truck, diesel powered",Transport; passenger truck; diesel powered,flow
22f37cf3-582b-3f30-8558-5a926eac5af2,"Ductile Iron Pipe, 36""","Ductile iron pipe; 36""",flow
64e4081e-3bbf-3576-ad3e-d760aa93c187,"Fuel grade uranium, at regional storage",Fuel grade uranium; at regional storage,flow
f6d02520-2139-30b7-9445-5ffe68b4fb5c,"Colorant, at plant",Colorant; at plant,flow
2f9d79bf-e4c6-400a-a076-8c00f468fa3b,"Polyethylene, low-density, LDPE, virgin resin, at plant","Low-density polyethylene, LDPE; virgin resin; at plant",flow
3f2fed05-f530-32e9-b0f9-0dcb5280aa9d,"Steel, stainless 304, flat rolled coil",Steel; stainless 304; flat rolled coil,flow
4cba2656-7694-3b28-9ced-2b49acaa0f7a,"Ethylene oxide, at plant",Ethylene oxide; at plant,flow
f670bb2d-c28a-3a08-9b9c-cc50bca5d126,"Energy, output",Energy; output,flow
6282c1be-b79e-3e7f-9d70-b7ee3c1e67b7,"Flat glass, uncoated, at plant",Flat glass; uncoated; at plant,flow
f7da6efe-3cc2-4e7e-ad77-0d2160f2bf4b,"Disposal, polypropylene scrap, to unspecified treatment","Disposal, chemical waste; unspecified; to residual material landfill",flow
3f0d5464-958b-317f-b582-1fe2fb336814,"PVOH, at plant",PVOH; at plant,flow
3c2baf23-665a-3c7a-b1df-19b89be18ec1,"Phenol formaldehyde resin, neat, 47% solids",Phenol formaldehyde resin; neat; 47% solids,flow
3fa50bec-03d8-465f-aba1-4c0c2999919a,"Disposal, wastewater treatment plant residuals, to uns. Incinerator","Disposal, wastewater treatment plant residuals; to unspecified incinerator",flow
f3c4ad93-5f6b-4ddf-8905-4eff745e871e,"Disposal, other waste, to unspecified disposal","Disposal, other waste; to unspecified disposal",flow
08d86eb7-9bc9-37a5-8700-69cf45f673a8,"Phenol resorcinol formaldehyde resin, neat, 60% solids",Phenol resorcinol formaldehyde resin; neat; at plant; 60% solids,flow
20567d69-c8ee-325c-a98c-43c35b8eb9f4,"Transport, single unit truck, short-haul, diesel powered","Transport; single unit truck, short-haul; diesel powered",flow
4142f793-3e20-4d8b-b5c4-4250cd2b3123,Mixed paper; combusted,"Mixed paper, combusted",flow
30c2fe51-642a-4596-b3b4-0a2eadb8dfad,"Chromium, at regional storage",Chromium; at regional storage,flow
6430f8c1-2c42-408e-9265-b066613cc17a,"Disposal, contaminated carbon, to sanitary landfill","Disposal, contaminated carbon; to sanitary landfill",flow
46b4563c-a86b-391a-9529-597ddfc479da,"Transport, passenger truck, gasoline powered",Transport; passenger truck; gasoline powered,flow
d2990408-0303-4d88-ba9d-2baea6de2793,"Benzyl alcohol, at plant",Benzyl alcohol; at plant,flow
419e9d46-92be-37cf-a9a2-765076ebf9ad,"Transport, combination truck, short-haul, compressed natural gas powered","Transport; combination truck, short-haul; compressed natural gas powered",flow
9af1df3c-c4b0-3397-8aca-f22701557d09,"Metal panels, wall, at plant",Metal panels; wall; at plant,flow
01163e75-95cb-3475-9c0d-7d76584078c3,"Corn stover, at conversion plant",Corn stover; at conversion plant,flow
678b1739-d665-301b-86a0-bc82463244ec,"Zinc scrap, life cycle production residue, recovered",Zinc scrap; life cycle production residue; recovered,flow
19da3075-55aa-4875-8e3e-0fa38df9aa8d,"Waste, oil, combusted in industrial boiler","Waste, oil; combusted in industrial boiler",flow
12d1dd97-8e7d-4b06-ba4b-86a73fd0a531,"Carboxymethyl cellulose powder, at plant",Carboxymethyl cellulose powder; at plant,flow
0178afd7-c74a-3a8f-8f15-d57904d3c377,"Steel, stainless 304, scrap",Steel; stainless 304; scrap,flow
99620b27-83a1-301d-8290-1d94cd81af3f,"Steel, stainless 304, quarto plate",Steel; stainless 304; quarto plate,flow
3755f873-9765-3dd8-a9a2-7f6ae9cf1d88,"Scanner, department, i3200, i3400","Scanner, department; i3200, i3400",flow
54b4d574-306c-4a46-a2b7-8b025ade690c,"Disposal, heavy alkalide naphtha, to sanitary landfill","Disposal, heavy alkalide naphtha; to sanitary landfill",flow
e929f473-7780-3eca-94e4-a2d0f7d4b8b0,"Aluminum, cold rolling, at plant",Aluminum; cold rolling; at plant,flow
48ca8de5-b734-3521-a8c2-849a428059d8,"Scanner, desktop, i2900","Scanner, desktop; i2900",flow
4b34ecb1-b43b-40bd-8b7c-0d8f23736336,"Disposal, formaldehyde, to unspecified treatment","Disposal, formaldehyde; to unspecified treatment",flow
ba0ced16-e4e8-313b-93dc-cade4eac3d10,"molybdenum, at regional storage",Molybdenum; at regional storage,flow
ef17dacf-4715-38a8-ba5b-3e80014de4b1,"UV-cured filler, 100% solids",UV-cured filler; 100% solids,flow
ba7d952b-9b3b-3ff6-a5fd-488fa0f37c68,"Concrete Pipe, 72""","Concrete pipe; 72""",flow
ba9e55fd-c5a6-41ef-9488-d6a6ee08f510,"Recycling, hazardous waste, to recovery","Recycling, hazardous waste; to recovery",flow
67395a27-04d5-364c-94ad-de404bf29ace,"2,4-D, at regional storehouse","2,4-D; at regional storehouse",flow
366389c3-0d85-3b4c-9560-73f525fe9f8c,"Mixed recyclables, at source",Mixed recyclables; at source,flow
f21c08c1-cdf9-3bf4-b6d4-e8ec644227d1,"Materials for basecoat painting, at plant",Materials for basecoat painting; at plant,flow
5f96ad43-abab-3b62-bcf8-c71f9d6c7881,"Petroleum refining coproduct, at refinery",[deleted],flow
e3efc221-3167-3262-a00c-3849445a7359,"Tinted clearcoat materials, at plant",Tinted clearcoat materials; at plant,flow
730b6a52-3659-3ec0-af09-48533b50cb4b,Bark; softwd; state or private dry forest; steep slope; at forest rd,"Bark, softwood; state or private dry forest, steep slope; at forest road",flow
dedb7007-3a85-3f32-a800-9b274c3fad99,"Nitrogen, at plant",Nitrogen; at plant,flow
1e930249-a041-4d23-972f-273372d4b77c,"Recycled polyvinyl chloride, PVC, pre-consumer, from secondary recycling","Recycled polyvinyl chloride, PVC; pre-consumer; from secondary recycling",flow
aec9945f-f19c-3834-8e26-5f4f92cfcb2b,"Aluminum ingot, production mix, at plant",Aluminum ingot; production mix; at plant,flow
2ac49c5b-d9ae-3496-8638-01f9a90123c7,"Cladding, roll formed, at plant",Cladding; roll formed; at plant,flow
767ae502-93b3-3cd9-8992-486ce5e939d2,"Disposal, fly ash, unspecified treatment","Disposal, fly ash; unspecified treatment",flow
08a57d71-1a18-3fe0-8184-550348ada2c6,"Concrete Pipe, 60""","Concrete pipe; 60""",flow
f5314861-5169-32c6-8280-dbe48cd91b43,"Treatment, electrocoating wastewater, unspecified treatment","Treatment; electrocoating wastewater, unspecified treatment",flow
b53bd8bb-b9b1-3c7d-812b-97adb96f8ba6,"Phenol formaldehyde, at plant",Phenol formaldehyde; at plant,flow
c7b75e8a-0d37-395d-b327-49091b08a49d,"Sizer, at plant",Sizer; at plant,flow
82f8b155-a9c4-3e4b-ac66-1e33af2f8f54,"Water, process, deionized","Water; process;,deionized",flow
9a80de0c-31a7-3645-af23-2773c9bdbaa9,"Electrocoat resin, at plant",Electrocoat resin; at plant,flow
f41f466f-76ed-3a2e-bbb2-b5e0f9edd593,"Concrete Pipe, 6""","Concrete pipe; 6""",flow
712d5e39-597a-36b7-9dde-a4b9faf5d427,"Dichloromethane, at plant",Dichloromethane; at plant,flow
94cf1faf-56a4-3c2c-b6a5-d4e6ef8e6f1e,"Dipropylene glycol monomethyl ether, at plant",Dipropylene glycol monomethyl ether; at plant,flow
3e46722b-70e8-4d1c-8b0f-0f8e3b36488e,"Disposal, fly ash, to unspecified landfill","Disposal, liquid wastes; unspecified to waste water treatment",flow
67b50031-6239-3514-a37f-2b17de803c88,"Polystyrene, general purpose, GPPS, at plant","General purpose polystyrene, GPPS; at plant",flow
924da6d4-2818-4a68-b20f-894d6e263d19,"Waste, miscellaneous, combusted in industrial boiler","Waste, miscellaneous; combusted in industrial boiler",flow
09744a4a-5791-3218-afef-bc6ad0253d67,"Aluminum, secondary, rolled",Aluminum secondary; rolled,flow
644ee222-fe19-3f61-a4ed-5258d34ff2eb,"Enzyme, Cellulase, Novozyme Celluclast","Enzyme; cellulase, novozyme celluclast",flow
61014614-30bd-354a-bffb-522a9e09fdb6,"Hydrogen peroxide, at plant",Hydrogen peroxide; at plant,flow
6fa3cbb3-95bc-3941-9b54-96c339643498,"Cleaner alkaline, at plant",Cleaner alkaline; at plant,flow
04865abd-efea-34fd-98a8-a26458f2da46,"TEA-DMEA (trimethyl amine, dimethylamine), at plant","Trimethyl amine dimethylamine, TEA-DMEA; at plant",flow
20144215-1df1-3a3d-8860-b7a7eed0b78f,"Hydraulic fluid, at plant",Hydraulic fluid; at plant,flow
ca468bee-3878-3418-918a-6cbe82ac640c,"Transport, single unit truck, long-haul, electricity powered","Transport; single unit truck, long-haul; electricity powered",flow
acbe5bc4-6afd-31aa-bf3f-4a3fdc491945,"Transport, pipeline, unspecified petroleum products",Transport; pipeline; unspecified petroleum products,flow
382e1e84-36d0-31b8-88b4-5ceaf7c46106,"Yeast paste, from whey, at fermentation",Yeast paste; from whey; at fermentation,flow
388edad4-4735-3add-973d-30c6493335ac,"Metolachlor, at regional storehouse",Metolachlor; at regional storehouse,flow
2afb4e2f-b224-3900-956f-03e3f27b276b,"Transport, combination truck, average fuel mix",Transport; combination truck; average fuel mix,flow
591b20d4-d9bd-3f50-a8eb-fca74697a808,"Automotive painting, electrocoating, per vehicle",Automotive painting; electrocoating; per vehicle,flow
a9b5914b-ae2a-4115-b93e-996f4ede6608,"Disposal, mineral waste, underground deposit ","Disposal, mineral waste; underground deposit",flow
9f74f72d-5ed3-4f4c-9de9-8358961ca1cb,"Post-consumer plastic film, recovered and sorted; at material recovery facility (MRF)","Post-consumer plastic film, recovered and sorted; at material recovery facility, MRF",flow
38d31926-8577-36d0-8c3b-d152010c9af8,"Scanner, packaging and information sheets",Scanner; packaging and information sheets,flow
b6ea9f73-bb17-3a63-bafd-085daede5007,"Calcium carbonate, ground, screened grade, at plant","Calcium carbonate; ground, screened grade; at plant",flow
2319eed6-941a-32b8-967a-3f5e33019e0b,"Melamine urea formaldehyde, MF, resin, at plant","Melamine urea formaldehyde, MF; resin; at plant",flow
c32fe3f6-63fb-3d2a-ab0e-e156b79d7eeb,"Tillage, ploughing",Tillage; ploughing,flow
d21b9db6-65d3-4503-a3ae-3cb972c3d429,"Disposal, acetone, to sanitary landfill","Disposal, acetone; to sanitary landfill",flow
19be7ab4-faf2-3c43-8cda-bd039890ddc9,"Sodium perborate, monohydrate, powder, at plant",Sodium perborate; monohydrate powder; at plant,flow
56c5a93b-10a7-42d7-b29c-c584313d9bfb,"Disposal, solid waste, unspecified, to unspecified beneficial use","Disposal, solid waste; to unspecified beneficial use",flow
885a2756-72dc-3f07-8d54-45eb06ab5ac9,"Softwood with bark, avg. intst. harvest, at mill, US SE, in black liquor","Softwood with bark; average harvest, in black liquor; at mill; US SE",flow
73813ba0-6ce1-3516-8bc1-0a802c002f2a,"Calcium carbonate, ground, fine slurry, 3 micron, at plant","Calcium carbonate; ground, fine slurry, 3 micron; at plant",flow
20defd6e-b3f3-3a98-94e0-c5db9818a2c8,"Steel product, secondary structural, girts and purlins, at plant","Steel product; secondary structural, girts and purlins; at plant",flow
3b3d1db7-53f7-3d60-8dc1-327d07f5a7cd,"Sodium chlorate, at plant",Sodium chlorate; at plant,flow
76c01a96-e065-32ea-be20-43e005fd4086,"Transport, motorcycle, gasoline powered",Transport; motorcycle; gasoline powered,flow
dac6904f-42a7-3229-95d4-39c316fbd8e3,Pulpwood; sftwd; state-private moist cold forest; steep slope; at forest rd,"Pulpwood, softwood; state-private moist cold forest, steep slope; at forest road",flow
cf664357-4ed1-38fc-a13c-1d6e2450acd4,"Lead, at regional storage",Lead; at regional storage,flow
8bbd0d6c-f221-3c28-ab31-021e4dc68d9e,"Open mold casting, rigid composites part, at plant",Open mold casting; rigid composites part; at plant,flow
af239ef6-a854-4929-8f62-5548a5bfe756,"Disposal, hazardous waste, 25% water, to hazardous waste incineration","Disposal, hazardous waste; 25% water; to hazardous waste incineration",flow
983394b7-07de-3cad-b995-0f488168615c,"Balsa wood, at plant",Balsa wood; at plant,flow
13d77c80-5c2a-324a-b125-19dd287c71b2,"Aluminum recovery, transport, to plant",Aluminum recovery; transport; to plant,flow
f806b9df-b77c-3369-a00f-feda82b0778c,"Corrugated product, average production, at mill",Corrugated product; at mill,flow
bc9f2a96-56a5-4219-8c61-58356a0eaabd,"Copper oxide, at plant",Copper oxide; at plant,flow
24744899-a338-3943-9f83-764d10600319,"Copper product manufacturing, average metal working",Copper product manufacturing; average metal working,flow
e0a5dc88-1d7a-4cb7-abb4-510efcb6f5be,"Disposal, plastic waste, unspecified","Disposal, plastic waste; unspecified",flow
a9f7888a-42fc-4201-a985-e997a80dd018,"High density polyethylene (HDPE), combusted","High density polyethylene, HDPE, combusted",flow
c23ac9a1-b8a3-3800-8c47-9f3b8252e7ab,Pulpwood; softwood; national forest; gentle slope; at forest road,"Pulpwood, softwood; national forest, gentle slope; at forest road",flow
8d1602f5-e7c3-38a9-a00a-3537948d4ac2,"Metal composite material (MCM) sheet, at plant","Metal composite material, MCM, sheet; at plant",flow
b9bf3487-2f01-3efd-8f0a-b02272a95ac4,"Overburden, stockpiled, on-site, for unspecified beneficial use","Overburden; stockpiled, for unspecified beneficial use; on-site",flow
d62a12a3-356b-3178-8c16-507829741d0f,"Formic acid, 10% solution, at plant",Formic acid; 10% solution; at plant,flow
0fe54247-1f28-3597-bd5e-98431dc2f685,"Deposit containers, at collection",Deposit containers; at collection,flow
1562e568-d17c-30c3-bb1f-2fad96ae4069,"Glass, for liquid crystal display ",Glass; for liquid crystal display,flow
aff30034-4528-34fe-9baa-3d803a3b785b,"Polymers, at plant",Polymers; at plant,flow
f11972ff-cf21-42c9-85b6-339fffcd1e08,"Disposal, waste, unspecified","Disposal, waste; unspecified",flow
1c639821-1428-35ac-aaa4-277aacdc7420,"Transport, single unit truck, long-haul, diesel powered","Transport; single unit truck, long-haul; diesel powered",flow
b80efd1d-92b2-377d-9795-3796c6553784,"Heat, from biomass ",Heat; from biomass,flow
8d2dd2ca-07cb-3ace-b1db-6f7efff79337,"Copper Chromium Arsenate (CCA), at plant","Copper chromium arsenate, CCA; at plant",flow
2eb3ce0f-e59a-3ba9-ab44-2398b021d108,"Glyphosate, at regional storehouse",Glyphosate; at regional storehouse,flow
42929598-5cd9-4fac-a79d-fd0ab85a4176,"Disposal, hazardous waste, to unspecified hazardous waste landfill","Disposal, hazardous waste; to unspecified hazardous waste landfill",flow
f5f6cd04-faff-3935-8e77-8f1571bbb6fb,"UV-cured topcoat, 100% solids",UV-cured topcoat; 100% solids,flow
6b902763-aac9-346e-932c-1ce6f29d5904,"Potassium chloride, as K2O, at regional storehouse","Potassium chloride, K2O; at regional storehouse",flow
813f227d-31ee-3198-850d-dce3eea1df3e,Bark; softwood; national forest; steep slope; at forest road,"Bark, softwood; national forest, steep slope; at forest road",flow
63f8e430-7742-37c5-b707-040af692be43,"Neo pentyl glycol, at plant",Neo pentyl glycol; at plant,flow
c670f34f-b874-4928-89c0-a64ff78d7053,"Recycled postconsumer high-density polyethylene, HDPE, flake","Recycled postconsumer high-density polyethylene, HDPE; flake",flow
19ac1c40-d97e-3a44-b978-6d8150738d52,"Transport, passenger car, diesel powered",Transport; passenger car; diesel powered,flow
47f82932-48d7-38d9-9cd1-e4a7b77a735f,"Textile, woven cotton, at plant",Textile; woven cotton; at plant,flow
609dfa01-9983-37bb-bace-09345bad3baf,"Ductile Iron Pipe, 10""","Ductile iron pipe; 10""",flow
90c60c75-922b-392d-8f83-072da6aabf41,"Aluminum, secondary, ingot, from automotive scrap, at plant",Aluminum secondary ingot; from automotive scrap; at plant,flow
3b6b1e57-1423-3515-b136-14cb858f38f7,"Chemicals, unspecified, used for wastewater treatment",Chemicals; unspecified; used for wastewater treatment,flow
36549ddd-3dca-3b48-a1b0-7c6889afba05,"Aluminum, secondary, ingot, at plant",Aluminum secondary ingot; at plant,flow
b529ffbd-4471-4eb0-bed2-d2c07145295c,"Nitric acid, 98%, at plant",Nitric acid; 98%; at plant,flow
66e42db0-ef37-4ff5-8f25-1d41017363e9,"Disposal, 1-methoxy-2-propanol, to sanitary landfill","Disposal, 1-methoxy-2-propanol; to sanitary landfill",flow
0614f894-cf10-307e-bd58-ac507face752,"Transport, light commercial truck, gasoline powered",Transport; light commercial truck; gasoline powered,flow
d1a9cf02-037f-3e67-93c4-75f4f4279e43,"Pulp slurry, groundwood, bleached, average production, at mill","Pulp slurry; groundwood, bleached; at mill",flow
6ad39736-422a-486c-b12c-0ae88d3ad013,"Waste, tire derived, combusted in industrial boiler","Waste, tire derived; combusted in industrial boiler",flow
72340437-77d9-463b-930e-4b36cb7f05b7,"Disposal, n-butyl alcohol, to sanitary landfill","Disposal, N-butyl alcohol; to sanitary landfill",flow
4f1bfabb-f0d3-3f1f-a905-2fd9b36bbfa0,"Petroleum coke, at refinery",Petroleum coke; at refinery,flow
10735599-9bfb-4a82-9137-4d3d0846627c,"Disposal, lignite coal combustion byproducts, to unspecified reuse","Disposal, lignite coal combustion byproducts; to unspecified reuse",flow
1df283c4-4624-3757-9f4e-aaba69ead26f,"Chains, at plant",Chains; at plant,flow
c25b6819-2963-3148-b431-c84062d99316,"Unsaturated polyester, UPR, scrap resin, at plant","Unsaturated polyester, UPR; scrap resin; at plant",flow
6e4fea52-8f29-321a-b1af-c1d1cfbf7da5,"Mixed recyclables, at collection, dropoff center",Mixed recyclables; at dropoff center,flow
f59a7f62-ebbb-4e2e-8e2c-69eed0e624d2,"Disposal, municipal solid wastes, to sanitary landfill",Disposal; municipal solid wastes; to sanitary landfill,flow
913a14d0-a5e9-4286-bd0e-e44c5903787f,"Disposal, propylene glycol butyl ether, to sanitary landfill","Disposal, propylene glycol butyl ether; to sanitary landfill",flow
35fe9caf-2ad2-3d14-ae03-21454a89da2e,"Transport, light commercial truck, diesel powered",Transport; light commercial truck; diesel powered,flow
1b31f507-5e3e-40cb-a6df-fab7552d8154,"Recycling, hazardous waste, to recycling or reuse","Recycling, hazardous waste; to recycling or reuse",flow
4f829733-6b62-4d44-a0e9-ed0c6c09ecaf,"Post-consumer ferrous material, recovered and sorted; at material recovery facility (MRF)","Post-consumer ferrous material, recovered and sorted; at material recovery facility, MRF",flow
7470c643-cdb4-34dc-8ee5-14dfc6b04de6,"Silicone product, at plant",Silicone product; at plant,flow
39ac06d7-be83-3eb5-9045-df0e6db19c0d,"Brick, at plant",Brick; at plant,flow
8e61b273-a18e-49af-9cdf-593830ceb3c4,"Zirconium oxide, at market",Zirconium oxide; at market,flow
b68a47d0-a96b-3d15-801d-6d1a41338394,"Metal panels, roof, at plant",Metal panels; roof; at plant,flow
e73b0368-ff0f-3d2a-b65f-4311cc714ba1,"Calcium carbonate, ground, 30 micron, at plant","Calcium carbonate; ground, 30 micron; at plant",flow
d818c190-7b73-33b1-b0d4-9f4339e3b117,"Enzyme, Glucoamylase, Novozyme Spirizyme","Enzyme; glucoamylase, novozyme spirizyme",flow
81523cbd-85e4-40db-9877-089b82198726,"Disposal, light aromatic solvent naphtha, to sanitary landfill","Disposal, light aromatic solvent naphtha; to sanitary landfill",flow
31948a1f-886a-3020-b33b-d381a427dbc6,Pulpwood; softwood; national forest; steep slope; at forest road,"Pulpwood, softwood; national forest, steep slope; at forest road",flow
4faba199-4e52-418f-988b-0cc3b08aae65,"Disposal, solid waste to incineration without energy recovery","Disposal, non-hazardous waste; to incineration",flow
13487592-caa0-3671-8c68-476f07428d79,"Electricity, from renewable source, unspecified",Electricity; from renewable source,flow
1bdd6092-5519-3c49-82db-20697a47ae76,DTPA,"Pentetic acid, DTPA",flow
712f5239-6b2b-34f5-ae19-5b5265bd123c,"Ammonium sulfate, at plant",Ammonium sulfate; at plant,flow
b11e9798-f45f-430b-9bc9-7e6613603439,"Scanner, department, S2085f, S3100f","Scanner, department; S2085f, S3100f",flow
e7bbbd06-5887-45b0-a3c2-c9d06d571351,"Polyethylene terephthalate, PET, virgin resin, at plant, kg","Polyethylene terephthalate, PET; virgin resin; at plant",flow
93154c2b-4e74-3ec4-be81-2765d79506d7,"Mold-release agent, at plant",Mold-release agent; at plant,flow
5b669606-74bf-3601-be6b-248cb1160ac9,"Aluminum scrap, at precision sand casting",Aluminum scrap; at precision sand casting,flow
d5ce6d5d-eea3-3c42-9999-fe46c52a1541,"Transport, combination truck, short-haul, electricity powered","Transport; combination truck, short-haul; electricity powered",flow
fcaa32f9-162d-35f4-b9af-14c9e1b29894,"LCD module, at plant",LCD module; at plant,flow
f6910c1a-849f-3a51-8f7d-5234d447d201,"Solution corrosion inhibitor, at plant",Solution corrosion inhibitor; at plant,flow
7f83f353-12a6-31fa-9d49-23c6c0ae7863,"Iron, sand casted",Iron; sand casted,flow
2c12d8fe-d11d-49c8-be96-8520441fa099,"Recycled polyvinyl chloride, PVC, pre-consumer waste, from primary recycling ","Recycled polyvinyl chloride, PVC; pre-consumer waste; from primary recycling",flow
61d8d9dc-de9f-32c2-9b9a-2b21f528d716,Bark; sftwd; state-private moist cold forest; steep slope; at forest rd,"Bark, softwood; state-private moist cold forest, steep slope; at forest road",flow
10994741-b387-3aef-a485-1b3bb7f32268,"Aluminium sulphate, powder, at plant",Aluminium sulphate; powder; at plant,flow
56e59033-d900-3b83-9e38-959d7885b1bb,"Clay, at mine",Clay; at mine,flow
36eea989-810d-3e4e-94c1-3e6625c9ba3c,"Iron sulphate, at plant",Iron sulphate; at plant,flow
6bb5df0e-6b30-3ad1-84b9-8b7209756126,"Potato Starch, at plant",Potato starch; at plant,flow
8bba463b-9122-3988-b302-bcc4dfedd8fb,"Tillage, rotary cultivator",Tillage; rotary cultivator,flow
c3446115-c5d7-3721-81d4-d3b2cdbff8b5,"Disposal, overburden, deposited","Disposal, overburden; deposited",flow
f842f7d2-426a-44e0-ae4c-d1c96a977f84,"Hydrogen, at plant",Hydrogen; at plant,flow
b40da311-0bb6-33d0-9f09-4f77617426c5,"Potash Fertilizer (K2O), at plant","Potash fertilizer, K2O; at plant",flow
3b6409f1-369f-4a72-8599-90c16a29ef68,"Polyoxymethylene, POM - EU-27",Polyoxymethylene; POM,flow
05bc6706-36bc-322a-a7e5-7387dd740580,"Dry strengths, at plant",Dry strengths; at plant,flow
cb33e8c2-2296-3c28-8015-fc08bf040845,"Transport, single unit truck, compressed natural gas powered",Transport; single unit truck; compressed natural gas powered,flow
99f2aa2b-95db-47bb-b2be-bdfad017bae2,"Vinyl acetate, at plant",Vinyl acetate; at plant,flow
04289ef0-4433-4037-89f2-2923eb4189f3,"Disposal, other solid waste from plant, to uns. incinerator","Disposal, wood ash mixture; pure; 0% water; to uns. land application",flow
ceef483b-fc40-30b5-bea4-5ba707367f2d,"Solvent-based stain, 30% solids",Solvent-based stain; 30% solids,flow
efb008d8-e7c5-36ec-aa26-03868f770f46,"Electricity, at coated mechanical paper mill",Electricity; at coated mechanical paper mill,flow
2c696e73-bd01-3f7b-a6c5-a56dee44d66e,"Acetic acid, at plant",Acetic acid; at plant,flow
c52dc1ff-7c7f-4f72-be9b-44fbaf4eb4c9,"Post-consumer polyethylene terephthalate, PET, recovered and sorted; at material recovery facility (MRF)","Post-consumer polyethylene terephthalate, PET, recovered and sorted; at material recovery facility, MRF",flow
e86e8b04-8e64-3a17-95c3-04c07229f0ac,"Propylene, at plant",Propylene; at plant,flow
e3d97362-bb7a-3a33-acbf-c2d69c622ed0,"Iron and steel, production mix",Iron and steel; production mix,flow
5ef7c19f-6cf9-35d2-827c-2f4e2780ce31,"Flame retardant, decaBDE",Flame retardant; decabde,flow
17dae113-4788-4627-b97a-e0baff6b5660,"Disposal, stoddard solvent, to sanitary landfill","Disposal, stoddard solvent; to sanitary landfill",flow
ea790fb9-5bba-4b9c-b5d4-ceee2734dd84,"Recycled polyvinyl chloride, PVC, post-consumer, from secondary recycling","Recycled polyvinyl chloride, PVC; post-consumer; from secondary recycling",flow
1a0678a7-09b1-339d-8f05-259a14f0ab84,"Hydrochloric acid, without water, in 30% solution state, at plant ","Hydrochloric acid, without water; in 30% solution state; at plant",flow
5c53eb4a-3f9f-4a70-8225-f174953c2911,"Silica gel, at plant",Silica gel; at plant,flow
974dcb99-8027-3a4b-bfe5-ef37e379be49,"Ductile Iron Pipe, 24""","Ductile iron pipe; 24""",flow
4f541c34-ea5e-3580-a001-80ed28198120,"Ethanol, denatured, wheat straw, biochemical","Ethanol; denatured, wheat straw, biochemical",flow
6a71f6df-1df1-32f0-b926-6e9b932a7fe9,"Transport, aircraft, freight",Transport; aircraft; freight,flow
6b5699ba-31ef-383f-81f5-a2c43146df8e,"Retention aid, at plant",Retention aid; at plant,flow
dc4d39f5-33ce-3633-8b50-0ebd40aa06cf,"Aluminum, hot rolling, at plant",Aluminum; hot rolling; at plant,flow
e17a28be-37a9-33dd-9d0e-a1c62c849033,"Aluminum scrap, used beverage cans",Aluminum scrap; used beverage cans,flow
28890065-eb72-3bae-8812-c9e0c1417bdf,"Sulfur dioxide, at plant",Sulfur dioxide; at plant,flow
ce07c275-71b5-48be-a7c0-4b160eb3a63e,"Spodumene mineral concentrate, 5% lithium oxide, at plant",Spodumene mineral concentrate; 5% lithium oxide; at plant,flow
415918aa-42cc-4228-837c-a4bdbf5eaba9,"Polyol ether, for flexible foam polyurethane production, at plant",Polyol ether for flexible foam polyurethane production; at plant,flow
277959d5-1a12-33d4-9d7f-1604f2227c09,"Portland cement, at plant",Portland cement; at plant,flow
22266e09-69c3-4ed7-a1a1-12a6696afb7c,"Methyl tert-butyl, at plant",Methyl tert-butyl; at plant,flow
b022d34e-2838-4494-8a84-9b6aa57e575a,"Petroleum refined, to energy use, at refinery",Petroleum refined; to energy use; at refinery,flow
f59bb7c6-2830-3848-a268-f19267b96233,"Borax, anhydrous, powder, at plant","Borax; anhydrous, powder; at plant",flow
5b187fd4-1b60-3d48-83b7-bf743efcbd86,"White mineral oil, at plant",White mineral oil; at plant,flow
12710c09-7d00-3d32-b909-43b096657c03,"Ethanol, denatured, mixed feedstocks, at conversion facility","Ethanol; denatured, mixed feedstocks; at conversion facility",flow
49d82e09-4d99-3a57-aa1c-6402825d7fa5,"Swath, by rotary windrower",Swath; by rotary windrower,flow
19fb905b-a259-3480-848f-af6a058a4d99,"Copper, at regional storage",Copper; at regional storage,flow
b2199194-90f7-373a-8cf3-a863374924a8,"Automotive painting, top coat, per m2",Automotive painting; top coat,flow
9e408e4c-a57d-46e5-89f1-e56888a20f24,"Building construction, multi-storey",Building construction; multi-storey,flow
2e5ad224-751f-3379-8b19-1d533cf2b09c,"Electricity, solar, unspecified, at power plant",Electricity; solar; at power plant,flow
44067793-674b-441e-b898-369f32f99ba0,"Paraxylene, at plant, kg",Paraxylene; at plant,flow
6cbd5a03-6f37-3605-9d43-83ad39a00dad,"Cable, connector for computer, without plugs ","Cable; connector for computer, without plugs",flow
c1946202-1261-35c4-bccb-a068fc8dc03c,Fuel wood; hardwood; kiln-dried; at planer mill,"Fuel wood, hardwood; kiln-dried; at planer mill",flow
031eed46-fac0-38a5-97af-e51ed7fff167,"Treatment gases, unspecified, at plant",Treatment gases; unspecified; at plant,flow
6a1347f8-02dc-4bb7-9848-f19fb735d0a5,"Disposal, coal ash, to uns. beneficial use","Disposal, coal ash; to uns. land application",flow
b192dd4a-a6e3-4f0f-b84a-fbb62c47ed8b,"Manganese dioxide, at plant",Manganese dioxide; at plant,flow
2e7706cd-84b3-31f9-8b21-dc4979497c6f,"Ceramic tiles, at regional storage",Ceramic tiles; at regional storage,flow
f6ee09a8-e738-3681-ac66-0e5ce8d9eda9,"Open molding, rigid composites part, at plant",Open molding; rigid composites part; at plant,flow
6d0bea3a-d915-3d7f-8730-24e39c4a2696,"Ceramic filters, at plant",Ceramic filters; at plant,flow
2729d167-a6f1-37ad-9d3a-91517490d8a5,"Scanner, i940 desktop",Scanner; i940 desktop,flow
59449b10-044a-3a9b-a6e6-5c5fc97b50bb,"Transport, combination truck, short-haul, diesel powered","Transport; combination truck, short-haul; diesel powered",flow
6260e838-3087-4675-b372-419390c8890f,"Disposal, solid waste, unspecified, to underground deposit","Disposal, solid waste; to underground deposit",flow
f36b7109-55df-4a95-9e2c-a6250c89cd5a,"Polyvinyl chloride, PVC, pre-consumer waste, for primary recycling ","Polyvinyl chloride, PVC, pre-consumer waste; for primary recycling",flow
f2960e88-4ca9-4f6c-9813-71e66edc37b7,"Disposal, solid waste, unspecified","Disposal, solid waste; unspecified",flow
adb21564-833c-3375-bd8b-d2b9232ddfe2,"Ductile Iron Pipe, 12""","Ductile iron pipe; 12""",flow
f0a90015-c2da-4b69-b485-d5e56e8aab63,"Disposal, non-sulfidic tailings, off-site","Disposal, non-sulfidic tailings; off-site",flow
ef4c9027-8b70-3574-9c1a-2bcbef04e79b,"Bottom ash, unspecified origin",Bottom ash; unspecified origin,flow
7dd3045c-35cc-3424-b6cb-893ab73190ad,Bark; softwd; state or private dry forest; gentle slope; at forest rd,"Bark, softwood; state or private dry forest, gentle slope; at forest road",flow
c758410b-115b-3c15-98c1-d87ea791f3a6,"Zinc waste inputs (50% Zn), life cycle production residue, recovered","Zinc waste inputs, 50% Zn,; life cycle production residue; recovered",flow
12ce83f5-6029-3b58-b03d-8721560be5cc,"Guar, at plant",Guar; at plant,flow
bdcc4860-85cc-34ac-b063-7d15bdfab77d,"Ductile Iron Pipe, 8""","Ductile iron pipe; 8""",flow
4b4d38d5-b196-3075-8f90-27fa7e45d92b,"Electricity, hydropower, at power plant, unspecified",Electricity; hydropower; at power plant,flow
71d51354-3788-306a-ae93-339237e33609,"Adhesives and binders, asphalt flake, cellulosic fiberboard","Adhesives and binders; asphalt flake, cellulosic fiberboard",flow
5879ea97-e285-46cb-a5bf-0cd6593b0162,"Mixed MSW, landfilled","Mixed municipal solid waste, landfilled",flow
fae9659e-517b-3574-b54e-e2a7c0df56b1,Styrene-butadiene-styrene (SBS) block copolymer; at plant,"Styrene-butadiene-styrene, SBS, block copolymer; at plant",flow
4a431634-5574-381d-a98f-9eefc4c4e170,"Light emitting diode, LED, at plant",Light emitting diode; LED; at plant,flow
a0c8c666-421f-30b3-80b4-2ea09817e105,"Aluminum, secondary, shape casted",Aluminum secondary; shape casted,flow
1906c973-fe26-3620-a984-29eb8404e949,"Scanner, i710 desktop and i730EX desktop",Scanner; i710 desktop and i730EX desktop,flow
b35f19b6-e7e8-3c7a-a11e-1e5704413261,"Tailings, stockpiled, on-site, for unspecified beneficial use","Tailings; stockpiled, for unspecified beneficial use; on-site",flow
d87221d8-e9f6-3054-86c1-3fab2ed1fd37,"Tall oil, at bleached kraft market pulp mill",Tall oil; at bleached kraft market pulp mill,flow
55390fc1-68ba-3853-a716-54ba43042bc3,"Precipitated calcium carbonate, at plant",Precipitated calcium carbonate; at plant,flow
1161a48b-0650-3b74-9c13-09e121281ed8,"Melamine urea formaldehyde, MF, hardener, at plant","Melamine urea formaldehyde, MF; hardener; at plant",flow
cc48bee8-d06c-3d12-bd1e-d31f176d307c,"Pulp slurry, sulfite, bleached, average production, at mill","Pulp slurry; sulfite, bleached; at mill",flow
c4f0f821-74ba-37a7-8ca7-b9a943897f6f,"Soy-based polyol, at plant",Soy-based polyol; at plant,flow
6c65fc34-c25e-3eb4-bc92-15bbfc457725,"Transport, ocean freighter, diesel powered",Transport; ocean freighter; diesel powered,flow
624b6420-78ba-4b8b-a374-fbc1be60a081,"Disposal, chemical waste, unspecified, to sanitary landfill","Disposal, chemical waste; to sanitary landfill",flow
2d5dd09c-40ce-4c77-80d1-af73e077ddd9,"Disposal, nuclear waste, low and medium active","Disposal, nuclear waste; high active",flow
0ce1477a-bded-3ebc-961e-8edee183385e,"Disposal, hazardous waste, deposited","Disposal, hazardous waste; deposited",flow
60ff0c9f-006e-40dd-a7ed-149befb2d7d5,"Cobalt chloride, at plant",Cobalt chloride; at plant,flow
349f80aa-ecfc-39ac-b674-a1721178e49b,"Automotive painting, top coat, per vehicle",Automotive painting; top coat; per vehicle,flow
c4069217-dfd4-324a-9243-2ee8058809d6,"Refinery gas, at refinery",Refinery gas; at refinery,flow
cb79b397-e4c5-4156-ad88-b91735997332,"Disposal, slag, to unspecified treatment","Disposal, slag; to unspecified treatment",flow
94755eaa-c6ec-32d3-b687-b94ed0a53e5f,"Transport, single unit truck, electricity powered",Transport; single unit truck; electricity powered,flow
fb04b6b4-d5f2-3848-b58d-bf33dc947977,"Highlighter, at plant",Highlighter; at plant,flow
9faf9282-0a9b-329e-9d31-a6fc6dc4697d,"Continuous strand mat, glass fiber based, at plant",Continuous strand mat; glass fiber based; at plant,flow
b226b8b5-beba-3967-a513-eae8fb23e014,"Silicone dioxide, at plant",Silicone dioxide; at plant,flow
b8ede463-f570-46b5-aff2-cceb34ed47c5,"Zinc oxide, at plant",Zinc oxide; at plant,flow
6017696f-9086-3999-ba8e-49de557fa036,"Alloying additives, at plant",Alloying additives; at plant,flow
302c5fbd-433f-4b2a-bc4e-ca12d09b6d6d,"Nitric acid, at plant",Nitric acid; at plant,flow
cda9a32d-b7f5-34b1-ae03-69f749c1952a,"Tetrabromophthalic acid, at plant",Tetrabromophthalic acid; at plant,flow
a5c7d642-4e3a-40af-a919-a2f7601340b0,"Ethylene glycol, at plant, kg",Ethylene glycol; at plant,flow
9f72ac52-c1fd-35fc-a294-9f779b15048f,"Epoxy, resin, at plant",Epoxy; resin; at plant,flow
7353751b-4b85-367e-a076-18f2eef8a00c,"Sodium silicate, spray powder 80%, at plant",Sodium silicate; spray powder 80%; at plant,flow
32519fd3-a31a-4e32-821b-85811787c72e,"Disposal, composite scrap, to unspecified treatment","Disposal, composite scrap; to unspecified treatment",flow
978edced-2a22-4e85-bb6b-b578e7df113e,"Disposal, metal waste, unspecified","Disposal, metal waste; unspecified",flow
7d9ed48b-6627-3b70-a84b-b16dbf9fbf4f,"Transport, refuse truck, gasoline powered",Transport; refuse truck; gasoline powered,flow
362766f2-92c0-4ef4-a11f-86257a266609,"Disposal, cement kiln dust, in residual material landfill","Disposal, cement kiln dust; in residual material landfill",flow
ad6dbe21-c035-33ff-a3dc-cdd717e987eb,"Recycled waste, unspecified",Recycled waste; unspecified,flow
bd4e8ef2-5faa-4448-a1d8-5e15ed932e79,"Carbon fiber, at plant",Carbon fiber; at plant,flow
59e4639e-ee0a-34ce-8c0f-d21078680506,"Polycarbonate, at plant",Polycarbonate; at plant,flow
a1242640-8306-366c-9c55-6dfd23e77bd7,"Transport, barge, diesel powered",Transport; barge; diesel powered,flow
fb62f38b-09c1-42c0-aaa1-53a1c7b53200,"Disposal, metal, to recycling","Disposal, nuclear waste; low and medium active",flow
e600b640-5039-347e-a647-15779b4b5edc,"Tillage, rolling",Tillage; rolling,flow
3c99c084-63c8-3dfc-883c-952679914806,"In-mold coating, styrene-based, at plant",In-mold coating; styrene-based; at plant,flow
f775ca41-3cd1-31c7-8419-96823b79360a,"Potassium sulphate alum, as K2O, hardboard","Potassium sulphate alum, as K2O; hardboard",flow
6b90c65e-8118-3961-ae9e-0240af53dcc5,"Initiator, MEKP, at plant",Initiator; MEKP; at plant,flow
d8ee4bfd-61cc-44c1-8b6a-36a639b0af24,"Disposal, corrosive and toxic liquids, unspecified, to sanitary landfill","Disposal, corrosive and toxic liquids; unspecified; to sanitary landfill",flow
3a13cb3c-471d-3a9a-8870-132951293cbe,"Quaternary (DDAC), at plant","Quaternary, DDAC; at plant",flow
3aea9aff-9970-44ab-bc58-44e8ecfe32e0,"Lithium brine, pre-treated, at plant",Lithium brine; pre-treated; at plant,flow
1a34089c-3f9a-3afb-9ca6-93a4c7d6424e,"Transport, single unit truck, short-haul, compressed natural gas powered","Transport; single unit truck, short-haul; compressed natural gas powered",flow
2593a8b8-4eff-373f-b50c-cb4cf610ecb7,"Steel, liquid, at plant",Steel; liquid; at plant,flow
96fa7e78-b96d-4365-abce-db999d654ced,"Disposal, wastewater treatment plant residuals, to uns. beneficial use","Disposal, wastewater treatment plant residuals; to unspecified beneficial use",flow
8d3a14b7-0a6c-4b45-9d9c-31400b9bc14b,"Disposal, mining waste, underground deposit","Disposal, mining waste; underground deposit",flow
bf366291-fb38-4901-9c96-16472193b680,"Fuel gas, produced onsite, at cracker, m3",Fuel gas; produced onsite; at cracker,flow
894d8eff-5aa2-36a0-af0e-e0cadff322f9,"Thermoforming, rigid polypropylene part, at plant",Thermoforming; rigid polypropylene part; at plant,flow
feb3d390-bacc-37ce-8568-1776c96a78a1,"Deposit containers, at collection, California Refund Value, CRV",Deposit containers; at California Refund Value collection,flow
951c1363-df44-4193-b009-4ccf6aead11b,"Disposal, nuclear waste, high active","Disposal, packaging; unspecified treatment",flow
b542d7e8-a3a0-4422-a43c-36cdf9d6bf1f,"Disposal, anthracite coal combustion byproducts, to unspecified reuse","Disposal, fly ash; to unspecified landfill",flow
ec45ebbc-909d-347c-b810-ad895485bcba,"Ethanol, 85%, at blending terminal",Ethanol; 85%; at blending terminal,flow
2a933594-27c4-388e-aac7-e4a6401578a6,"Foundry sand, at mine",Foundry sand; at mine,flow
d968271a-1b25-4a28-b160-afd92b39fe74,"Iron scrap, at plant",Iron scrap; at plant,flow
e039be4c-037a-36c4-822a-e55803432f61,"Transport, school bus, diesel powered",Transport; school bus; diesel powered,flow
24e6bc97-3d11-4a73-8598-8965c7dd9927,"Steel; sections, at plant",Steel; sections; at plant,flow
0052bd8e-51b1-4f8e-b128-53f9ab55469d,"Proton exchange water electrolysis stack; 1 MW, at plant",Proton exchange water electrolysis stack; 1 MW; at plant,flow
12f3be27-4d77-4668-a021-071096d78b3f,"Disposal, oil waste, to unspecified treatment","Disposal, oil waste; to unspecified treatment",flow
4a72778b-37b3-3c70-bcdc-b47701e7fe74,"Styrene, at plant",Styrene; at plant,flow
0702afcb-0b66-3f30-a5c7-e10fbe896a4b,Pulpwood; sftwd; state-private moist cold forest; gentle slope; at frst rd,"Pulpwood, softwood; state-private moist cold forest, gentle slope; at forest road",flow
8ca9c802-e837-30d6-a921-3bc7ea7d8448,"Electricity, at wind power plant, unspecified",Electricity; at wind power plant,flow
83a2d23e-a668-3b97-a037-371c67c18ccf,"Transport, transit bus, diesel powered",Transport; transit bus; diesel powered,flow
dc308661-492e-3961-9ae7-21a8717f7d1e,"Printed wiring board, surface mounted, unspec., Pb free, at plant",Printed wiring board; surface mounted; Pb free; at plant,flow
0e01c9d6-30cd-4d7f-ae3c-402dc752c78c,"Disposal, copper compounds, to sanitary landfill","Disposal, copper compounds; to sanitary landfill",flow
598fd038-1a5b-432b-b8d1-07d5dd1b3e63,"Disposal, resins, unspecified, to sanitary landfill","Disposal, resins; unspecified; to sanitary landfill",flow
f9bfebc3-932f-3427-827a-a4972c05203c,"Roundwood, hardwood, average, at forest road","Roundwood; hardwood, average; at forest road",flow
be74a03d-4243-3926-abc7-a1f03a076f66,"Single-ply, white, polyester reinforced PVC roofing membrane, 80 mils - 2.032 mm","Single-ply white polyester reinforced PVC roofing membrane; 80 mils, 2.032 mm",flow
1ca3b8d5-a002-41c1-bdce-8db63ea6291e,"Polyethylene, linear low-density, LLDPE, virgin resin, at plant","Linear low-density polyethylene, LLDPE; virgin resin; at plant",flow
5d708f00-f96d-39a8-9725-07914e221a18,"Acrylic acid, at plant",Acrylic acid; at plant,flow
b02afc35-d93c-3d91-a540-d73cbae63c20,"Compression molding, rigid composites part, at plant",Compression molding; rigid composites part; at plant,flow
c427c277-1d6f-3caf-a86d-31d08e26bfcd,"Nylon 6, at plant",Nylon 6; at plant,flow
216029f7-6004-43da-a8ed-f835d88d18d0,"Disposal, filters, to sanitary landfill","Disposal, filters; to sanitary landfill",flow
8191e38b-421f-4348-a2e0-29303147f2d1,"Recycling, solid waste, to recycling or reuse","Recycling, solid waste; to recycling or reuse",flow
996ff18b-a044-37b1-a96a-c59d24e4ebd4,"Liquefied petroleum gas, dispensed at pump",Liquefied petroleum gas; dispensed at pump,flow
0cce541b-c427-3bc0-bc0b-349945225c9c,"Recycled postconsumer polyethylene terephthalate, PET, pellet","Recycled postconsumer polyethylene teraphthalate, rPET; pellet",flow
15505295-3581-43ec-a149-ba5ee554e384,"Disposal, LLDPE scrap, to unspecified treatment","Disposal, LLDPE scrap; to unspecified treatment",flow
ba7d79aa-afb7-42ea-b593-0517bea19996,"Hydrogen fluoride, at plant",Hydrogen fluoride; at plant,flow
c3019f2c-8e84-4f0d-9529-093d2d0ae5e1,"Hydrochloric acid, at plant, kg",Hydrochloric acid; at plant,flow
6ceaf153-988e-43be-b18a-06e0059ae5e2,"Scanner, desktop,  E1025, E1035, S2040, S2050, S2060w, S2070, S2080w","Scanner, desktop; E1025, E1035, S2040, S2050, S2060w, S2070, S2080w",flow
b302c05a-fb69-4412-b1f9-3692b742b4d5,"Solid oxide electrolysis stack; 150 kW, at plant",Solid oxide electrolysis stack; 150 kW; at plant,flow
dc052870-f71b-3775-824c-2936683a57f5,"Toluene, at plant",Toluene; at plant,flow
7be718cb-0d59-42d6-93c4-213cd5a1ad44,"Disposal, tailings waste, underground deposit ","Disposal, tailings waste; underground deposit",flow
3c6ecea9-ce37-3aa8-829b-f2f163d33d84,"Urea formaldehyde, UF, resin, neat, 65% solids","Urea formaldehyde, UF; virgin resin, neat; at plant; 65% solids",flow
628c07ec-0802-39c1-ab88-1c62848ef436,"Transport, combination truck, diesel powered",Transport; combination truck; diesel powered,flow
f4364ab6-cb8c-3b5c-a9d7-dfe57ac7bceb,"Ethanol, denatured, corn dry mill",Ethanol; denatured; corn dry mill,flow
e9890552-edd9-47e5-abd1-3d6ad19fdb92,Nylon 6-6 - GLO,Nylon 6-6,flow
db500fb7-bdfa-4435-ad4d-76363b686b63,"Ammonium chloride, at plant",Ammonium chloride; at plant,flow
fcca6571-d78a-36ad-812a-9b55de1565d8,"Switchgrass, at conversion plant",Switchgrass; at conversion plant,flow
4bdb6faa-e48f-3f6b-9f39-4fe99814592a,"Byproduct of aluminum casting, SPM, liquid residuals","Byproduct of aluminum casting, SPM; liquid residuals",flow
8929cc75-0d98-480c-a17e-3ff563dc5a81,"Disposal, baghouse dust, to sanitary landfill","Disposal, baghouse dust; to sanitary landfill",flow
d098c58b-74d9-388a-a7c5-8ce5f9e09056,"Adhesive tube dispensers, at plant",Adhesive tube dispensers; at plant,flow
87cac410-bc04-3db7-9c32-715f295fc4d9,"Switch, toggle type",Switch; toggle type,flow
39e5fecd-0772-3879-8636-7e25c6a5423b,Bark; hardwood; average; Low Intensity Management,"Bark; hardwood, average; low intensity management",flow
d939590b-a0d7-310c-8952-9921ed64a078,"Diesel, at refinery",Diesel; at refinery,flow
cc5415fd-2095-31f1-8e53-c5fcd2fd8c54,"Polystyrene, exapnded, EPS, virgin resin; batch suspension polymerization; industry average, at plant","Expanded polystyrene, EPS; virgin resin, batch suspension polymerization; at plant",flow
adadf282-2c56-365f-a20d-29411260d5c5,"Transport, motor home, diesel powered",Transport; motor home; diesel powered,flow
85692388-cee7-3f08-825f-e3c2b346f658,"Plasticshot, polyurea formaldehyde, at plant",Plasticshot; polyurea formaldehyde; at plant,flow
ae3d348a-6d3d-4d25-a27b-23662961197e,"Disposal, medium radioactive waste",Disposal; medium radioactive waste,flow
c6d7aa25-d51f-3f63-ac07-e2fe4348c3b5,"Pulp slurry, kraft market, bleached, average production, at mill","Pulp slurry; kraft market, bleached; at mill",flow
018c2645-7622-321b-a9ef-760b1fd90371,"Copper, primary, at refinery",Copper; primary; at refinery,flow
cef3023f-b35f-41af-9ffc-dc1b6dea0b33,"Fatty acid, at market",Fatty acid; at market,flow
dc9e2784-a680-3a0b-a0ba-090565e356cb,Emulsion wax 53% solids,Emulsion wax; 53% solids,flow
4066d3d5-94b4-4304-8dab-0d85b00d5212,"Disposal, liquid wastes, unspecified, to sanitary landfill","Disposal, liquid wastes; to sanitary landfill",flow
7224edad-d8e7-48db-9fa7-0e49bbca75b6,"Disposal, solid waste, unspecified, to unspecified landfill","Disposal, solid waste; to unspecified landfill",flow
93b7a331-1544-4d46-96f5-19dfcf4173db,"Inverter, 500kW, at plant",Inverter; 500kW; at plant,flow
f048b817-44dd-35fd-b5c9-57049decec7b,"Packaging and information sheets, i2900 desktop scanner",Packaging and information sheets; i2900 desktop scanner,flow
39fa5db7-4bae-36f9-ae67-e2ccd67c318a,"Heat, at cogen with ignition biogas engine, allocation exergy",Heat; at cogen with ignition biogas engine; allocation exergy,flow
bf82ee43-e344-38b0-aaee-135d817e1624,"Cement bags, at plant",Cement bags; at plant,flow
6d0c9403-70b9-3549-9522-aee9cf6c92e4,"Polyvinylfluoride, at plant",Polyvinylfluoride; at plant,flow
56eda597-ee40-4540-80ed-b6eff6d6db83,"Disposal, general plant waste, to unspecified treatment","Disposal, general plant waste; to unspecified treatment",flow
072a4586-44d6-3428-a15c-8e1e8a0031cc,"Ammonia, steam reforming, liquid, at plant","Ammonia; steam reforming, liquid; at plant",flow
84f62ab2-b239-4940-9c20-b68880dfccfb,"Mixed MSW, combusted","Mixed municipal solid waste, combusted",flow
42362f39-adb4-3a8c-987c-491083c17728,"nickel, 99.5%, at plant",Nickel; at plant; 99.5%,flow
ab672c54-c7bf-48e1-bfa8-abbbc506b188,"Disposal, rubber, to sanitary landfill","Disposal, rubber; to sanitary landfill",flow
9bfe6496-9b72-3dc2-9098-512cb355da97,Flouropolymer (PVDF),"Flouropolymer, PVDF",flow
b20513f5-f6ff-4753-90e7-01e1b1e9eada,"Disposal, hazardous waste",Disposal; hazardous waste,flow
fe598843-aa58-4c99-b4a4-d47d9c8adbe5,"Steel; hot-dip galvanised coil, at plant",Steel; hot-dip galvanised coil; at plant,flow
c721bcd6-869a-354c-876e-22879d5781de,"Metal panel, insulated, at plant",Metal panel; insulated; at plant,flow
8d49dd43-aada-36f4-9bf3-feff7e3231c3,"Transport, combination truck, long-haul, compressed natural gas powered","Transport; combination truck, long-haul; compressed natural gas powered",flow
0a954583-49bd-3d80-8200-847790caf5b2,"Transport, light commercial truck, E85 powered",Transport; light commercial truck; E85 powered,flow
1e36f2f3-f848-38a0-bdcb-9f54b53d4a52,"mercury, liquid, at plant",Mercury; liquid; at plant,flow
d0477b6a-115f-350d-bbb4-7f62243e3476,"Polypropylene, PP, virgin resin, at plant","Polypropylene, PP; virgin resin; at plant",flow
f70346f9-746d-42cd-beb4-b991f9292b24,"Magnesium chloride, at plant",Magnesium chloride; at plant,flow
cba81a11-592f-3984-9f10-86b0607258d1,"Polybutadiene, butadiene rubber, BR, at plant","Polybutadiene, butadiene rubber, BR; at plant",flow
547976a9-cb16-4c41-99b6-c575f5e266de,"Disposal, acid pickling waste, to sanitary landfill","Disposal, acid pickling waste; to sanitary landfill",flow
39d97d55-5bb5-4e8d-8f33-a2f7dc8a5321,"Disposal, ferric oxide, to sanitary landfill","Disposal, ferric oxide; to sanitary landfill",flow
beaa8db7-97f9-4db4-a4c7-112ede974b62,"Corrugated product, 100% recycled, at mill",Corrugated product; 100% recycled; at mill,flow
339cbb8b-db3c-3571-915c-63f8c8fe8e89,"Concrete Pipe, 50""","Concrete pipe; 50""",flow
8e7b84f0-db57-4000-96ba-de12a24f8660,"Sodium borohydride, at plant",Sodium borohydride; at plant,flow
8cfb2070-ca25-3a96-adb9-e739e8cbb371,"Sulphate pulp, unbleached, at plant",Sulphate pulp; unbleached; at plant,flow
7dbbc8ce-f278-3771-92b2-084f2f5ce82b,"Petroleum coke, combusted in industrial boiler",Petroleum coke; combusted in industrial boiler,flow
de1939e8-b259-4d41-8d1c-588ebaa174b6,"Printer, AltaLink B8045/55 multi-functional device (MFD)",Printer; AltaLink b8045/55 multi-functional device,flow
d839207a-c7c8-4384-a286-9fb3dcae9601,"Disposal, other solid waste from plant, to uns. beneficial use","Disposal, coal ash; to uns. landfill",flow
7f0bccb1-c82f-3f27-9472-ab4d609ddbc8,"Concrete Pipe, 54""","Concrete pipe; 54""",flow
7232fd21-230a-4fee-a402-03dd23e2adf5,"Calcium chloride, 38%, at plant",Calcium chloride; 38%; at plant,flow
adf210b8-8591-425f-ab5a-c46b89e0eaa6,"Disposal, refractory material, to sanitary landfill","Disposal, refractory material; to sanitary landfill",flow
e00f3562-c739-394b-bf85-3f4f3b0c1536,"Plywood, at plywood plant",Plywood; at plywood plant,flow
96faac9e-83f4-39a1-884e-bbf486bd11f8,"Resorcinol, at plant",Resorcinol; at plant,flow
15a3f4f0-891f-34ed-8b59-ae817a22aff4,"Glycerine, at plant",Glycerine; at plant,flow
efac748e-8ba6-308e-9fd5-1f8088b4b54c,"Co-resin, UPR and styrene-based, at plant",Co-resin; UPR and styrene-based; at plant,flow
444f7585-f828-423d-8e36-5614650b7556,"Disposal, industrial solid waste","Disposal, ash; to unspecified landfill",flow
de044d6a-cc59-3669-a18d-89ebaa435b1e,"Monoethanolamine, MEA, at plant","Monoethanolamine, MEA; at plant",flow
34e7bdd1-21a3-375c-bbfa-7275ef4df586,"Mixed recyclables, at collection, curbside, weight basis",Mixed recyclables; at curbside collection,flow
56b7a8ed-81da-3b77-81bd-c4938168edce,"Calcium carbonate, ground, 20 micron, at plant","Calcium carbonate; ground, 20 micron; at plant",flow
3c4b0e5d-6500-4ada-9a2c-58e43ac96500,"Disposal, slag, deposited","Disposal, slag; deposited",flow
926274ff-8d7d-4700-90f7-de5387013911,"Scanner, department, S3060, S3100, S3120 ","Scanner, department; S3060, S3100, S3120",flow
541d0030-9f63-3ae8-acc5-5d35be0a4b0f,"TEA gas scrubber, at plant",Tea gas scrubber; at plant,flow
5acf07ec-9122-3be0-96be-9362ef4f1463,"Aluminum, cast, semi-permanent mold (SPM), at plant","Aluminum cast; semi-permanent mold, SPM; at plant",flow
cedd02c1-a6ca-4b1d-b5c4-ca08a550aa87,"Disposal, BOF slag, to unspecified treatment","Disposal, BOF slag; to unspecified treatment",flow
1b47c5e0-bead-406c-abe2-8014c70bf70b,"Disposal, other solid waste from plant, to uns. landfill","Disposal, other solid waste from plant; to uns. land application",flow
54c83916-3098-3270-948b-a9422dfc1afa,"Calcium borates, at plant",Calcium borates; at plant,flow
0e63d1db-e383-3c9a-b02a-b5eebafe87d1,"Transport, ocean freighter, average fuel mix",Transport; ocean freighter; average fuel mix,flow
c23e8504-4dbf-353a-a4e1-f3b84f6440b5,"Grain refiners, at plant",Grain refiners; at plant,flow
e47a831a-40a8-381a-bc31-368f4f6e2d70,"Release agent, unspecified, at plant",Release agent; unspecified; at plant,flow
d1940a7c-9f2e-3eef-84f7-9ef2d4442d29,"Electronic component, unspecified, at plant",Electronic component; unspecified; at plant,flow
c4164ab6-2a14-4db1-8a48-aa94cbfd4b4d,"Pultruded product, at plant",Pultruded product; at plant,flow
3df2a39b-5b73-3adf-8a06-5bdddd9cd43d,"Talc, at plant",Talc; at plant,flow
0ae83083-582a-385e-b524-ce333a47cda9,Old news paper,Old newspaper,flow
aa4962f4-005a-3312-8323-dbfe5999c26d,"Disposal, filter dust, unspecified treatment","Disposal, filter dust; unspecified treatment",flow
3d109ccf-c1a1-4dc8-8654-2c561164a454,"Hydrochloric acid, HCl, co-product MDI; at plant","Hydrochloric acid, HCl; co-product MDI; at plant",flow
b62daf19-4352-394e-a1e2-28d3227b021c,"Shot blast, unspecified",Shot blast; unspecified,flow
94f0594c-e37a-4990-82db-1569b1900e44,"Post-consumer, glass, recovered and sorted; at material recovery facility (MRF)","Post-consumer, glass, recovered and sorted; at material recovery facility, MRF",flow
749a5bc9-efeb-4dd5-b199-4b90dbebb917,"Coupling agent, at plant",Coupling agent; at plant,flow
6c54e74d-4140-320a-a9d5-4a2757604d09,"Phosphoric Acid, at plant",Phosphoric acid; at plant,flow
32ed714f-405b-4678-9589-c5c0b5e055d4,"Epoxy, at plant",Epoxy; at plant,flow
a735466d-beec-370a-af25-4065be1052ba,"Wood chips, at cellulosic fiberboard, NA",Wood chips; at cellulosic fiberboard,flow
9d96c5ba-95f2-3b74-932b-2d862a708008,"Corrugated board, mixed fibre, single wall, at plant","Corrugated board; mixed fibre, single wall; at plant",flow
6ce816f5-2917-3fb2-be40-5edf2d77acf3,"Alloying metals and additives, at plant",Alloying metals and additives; at plant,flow
efbe47b7-245f-3a4c-8a58-31c224d89591,"Excavation, hydraulic digger",Excavation; hydraulic digger,flow
6e44257e-d6c7-3689-83fa-d08d77d37466,"Pigment, at plant",Pigment; at plant,flow
18b83e89-156d-419c-b5a1-13b949bce256,"Steel; plate, at plant",Steel; plate; at plant,flow
f3d6e4c6-0323-3d9f-a843-b741d2a9b982,"Pyrolysis gasoline, at plant",Pyrolysis gasoline; at plant,flow
875f2fb1-fd74-453d-b83f-c87e877bda0f,"Flocculant, at plant",Flocculant; at plant,flow
f7c00d19-9601-373a-ba23-593e251b4dee,"Residual fuel oil, at refinery",Residual fuel oil; at refinery,flow
809eee80-5cb2-35f7-a94d-e8a842f0321b,Pulpwood; softwd; state or private dry forest; gentle slope; at forest rd,"Pulpwood, softwood; state or private dry forest, gentle slope; at forest road",flow
ada4bdda-6930-33b9-a9ce-1677e5503ecb,"Disposal, spoil, deposited","Disposal, spoil; deposited",flow
ac003090-67b7-4364-b690-807d12019627,"Disposal, hazardous waste, to incineration without energy recovery","Disposal, hazardous waste; to incineration without energy recovery",flow
7e842806-8f5e-3986-9a3b-a6398fae9cbf,"Heat, from landfill gas",Heat; from landfill gas,flow
5a83fa20-d4c9-35eb-8431-5b4d3027eb8f,"Polymethyl methacrylate, beads, at plant",Polymethyl methacrylate; beads; at plant,flow
24d63c98-0ea0-3e4b-ba17-a9608701b6c1,"Slag, production residue, recovered",Slag; production residue; recovered,flow
99479e91-ab64-3c73-86cb-d96373f37939,"Lubricant feedstock, at refinery",Lubricant feedstock; at refinery,flow
d9ad8e68-2219-3b76-a15c-917a26d62659,"Argon, liquid, at plant",Argon; liquid; at plant,flow
8850417f-b844-34b8-8f39-b373e9783d52,"Methylene diphenyl diisocyanate, MDI, resin, at plant","Methylene diphenyl diisocyanate, MDI; virgin resin; at plant",flow
73dd9f37-cb13-48d9-ada1-5a7edf1e9d3b,"Disposal, empty pails and drums, to sanitary landfill","Disposal, empty pails and drums; to sanitary landfill",flow
efd10a1b-966e-39f7-a12e-f47e7b9b28f7,"Disposal, tailings, unspecified","Disposal, tailings; unspecified",flow
e619bae5-8284-4a73-98bb-9b411c3e6d48,"Disposal, solid waste, unspecified, to unspecified land application","Disposal, solid waste; to unspecified land application",flow
c5441415-1a86-3b05-92d8-99a113bc3a52,"Thickener, at plant",Thickener; at plant,flow
96b0cece-30e8-4722-b142-33b803310ce2,"Polyvinyl chloride, PVC, waste","Polyvinyl chloride, PVC; waste",flow
d192864f-9a45-3cc5-a453-ddbdfc7fa6a4,"Carbon black, at plant",Carbon black; at plant,flow
e3e36b0b-cd9f-3394-924d-2e565e97d38d,"Propylene oxide, at plant",Propylene oxide; at plant,flow
fe62dde1-8a8f-4327-90f6-6a401b769853,"Disposal, chemical waste, to unspecified treatment","Disposal, radioactive waste; unspecified hazardous waste treatment",flow
391c6de4-5a94-4967-97e0-7d185b236480,"Biogas, burned in flare",Biogas; burned in flare,flow
0ccffa6e-2153-3245-b83c-3f86912d5cdb,"Cable, connector for computer, without plugs, at plant",Cable; connector for computer without plugs; at plant,flow
73238412-5bd2-39d3-a0e3-e0b2b9f1f81d,"Formic acid, at plant",Formic acid; at plant,flow
ae69b712-d8d2-41ef-a2c1-fb477807f742,"Methanol, at plant, kg",Methanol; at plant,flow
0cdd9079-9cf3-33c9-ab62-9d734c03f7df,"Mixed Alcohols, thermochemical process",Mixed alcohols; thermochemical process,flow
fa87a213-ff70-376d-bd16-6e60d36d8157,Pulpwood; softwd; state or private dry forest; steep slope; at forest rd,"Pulpwood, softwood; state or private dry forest, steep slope; at forest road",flow
0cc2880f-3b52-31dd-9eee-5f73b654e3c4,"Concrete Pipe, 78""","Concrete pipe; 78""",flow
7d60a38e-39ab-327d-92d3-c1e4012ac0ee,"Scanner, i1150 desktop and i1190 desktop",Scanner; i1150 desktop and i1190 desktop,flow
ab10ce80-b5a6-39c7-b09f-a8891da7f908,"Transport, school bus, gasoline powered",Transport; school bus; gasoline powered,flow
6cf4a5b2-0890-3733-99c9-9c7e05e8ebc7,"Transport, tractor and trailer",Transport; tractor and trailer,flow
6a73b431-8d03-30a0-a54f-1feb90124f47,"Agrochemicals, at plant",Agrochemicals; at plant,flow
aea9c59a-58e3-31bc-9007-b92318df2406,"Glue, at plant",Glue; at plant,flow
307136dc-e8b7-3d67-bd24-8b14cd666d45,"Ductile Iron Pipe, 6""","Ductile iron pipe; 6""",flow
e4372cdd-009e-4053-bc07-681d91e78791,"Methyl ethyl ketone, at plant",Methyl ethyl ketone; at plant,flow
51447292-5c8a-3369-8ab1-092bdaf61c38,"Steel product, primary structural, beams and columns, at plant","Steel product; primary structural, beams and columns; at plant",flow
bbcd8095-e1d5-3762-aa08-3efc8d1d2ec4,"Transport, single unit truck, diesel powered",Transport; single unit truck; diesel powered,flow
6007252c-e626-315b-8fee-f0f11cd134a0,"LCD glass, at plant",LCD glass; at plant,flow
8b2fc5f4-6f6a-36b0-a19d-0821eeecb3c0,"Transport, passenger, aircraft ",Transport; passenger; aircraft,flow
eb72a9da-e69a-3658-939f-1c65a8a64b59,"Pulp, refiner market, bleached, average production, at mill","Pulp; refiner market, bleached; at mill",flow
b11f85df-a66d-3fb7-ba09-b9906eeddbba,"Potassium nitrate, as K2O, at regional storehouse","Potassium nitrate, K2O; at regional storehouse",flow
29249dc2-6692-3d13-97a8-4369125e8156,"TEA gas, at plant",Tea gas; at plant,flow
a6ccb046-1c77-354c-bb64-01a98d416011,Chemicals (unspecified),Chemicals; unspecified,flow
0ef88894-a6b7-415d-88cd-9aefdd14fc3a,"Steel; pickled hot rolled coil, at plant",Steel; pickled hot rolled coil; at plant,flow
91f5f6a2-c435-36ba-9adf-64512fcff252,"Chemicals inorganic, at plant",Chemicals inorganic; at plant,flow
34c667b0-32aa-35bc-9fd2-69efeed98870,"Aluminum, liquid, at plant",Aluminum; liquid; at plant,flow
e58127e8-c6f1-3556-a684-4df1637d0616,Steel cast part (machined),Steel cast part; machined,flow
8a30dacb-2670-3e16-81b3-e80e4ea82e98,"Electricity, fossil, unspecified, at power plant","Electricity; fossil, unspecified; at power plant",flow
83f59491-2195-3f40-a111-15459445aa9c,"Recycled postconsumer polyethylene terephthalate, PET, flake","Recycled postconsumer polyethylene teraphthalate, rPET; flake",flow
cb12fdc5-2c86-47a9-8ef7-cd54c1964bf9,"Disposal, unspecified ashes, to unspecified land application","Disposal, corrugate packaging; to unspecified treatment",flow
0111f63c-fb44-3a4d-bbcc-1d3db26b0d4f,"Gypsum wallboard product, type X, 0.625 inch (15.875 mm)","Gypsum wallboard product; type X, 0.625 inch, 15.875 mm",flow
855b58f5-89b6-3b25-b33e-59454a0adbaa,"Transport, single unit truck, short-haul, electricity powered","Transport; single unit truck, short-haul; electricity powered",flow
2766f5e7-9d42-36cb-8a03-11aa4f7ecd3a,"Corn grain, at conversion plant",Corn grain; at conversion plant,flow
dcb34c9b-2519-3942-af74-446eb6885972,"Injection molding, rigid LLDPE part, at plant",Injection molding; rigid LLDPE part; at plant,flow
897a3e0c-8216-4b7f-a9f1-5247e2796efc,"Waste, other solid, combusted in industrial boiler","Waste, other solid; combusted in industrial boiler",flow
c2005eb9-dc83-37da-9ffd-3c770195a065,"Isoproponal, liquid",Isoproponal; liquid,flow
1300e0a5-33d2-3f3d-8815-a8934c4fb061,Pulpwood; hardwood; average; High Intensity Management,"Pulpwood, hardwood; average, high intensity management",flow
d9bf3edd-f335-31d0-bfcd-5922662ecfae,"Flat glass, coated, at plant",Flat glass; coated; at plant,flow
86ca4ddf-af46-3676-b254-d025303e1810,"Tillage, cultivating, chiselling","Tillage; cultivating, chiselling",flow
c99244fc-abe3-3836-9d0c-ce0872f79975,"Transport, refuse truck, diesel powered",Transport; refuse truck; diesel powered,flow
2495d2c0-046a-329b-9065-a48ab545a9ae,"Scanner, department, i5200v, i5600v","Scanner, department; i5200v, i5600v",flow
2b7f3572-b712-4ed6-8f6e-8a1366a27fa3,"Disposal, unspecified ashes, to unspecified beneficial use","Disposal, unspecified ashes; to unspecified beneficial use",flow
77b15cd4-4d36-3f26-8c86-fc10c1e8c6f5,"Liquid storage tank, chemicals, organics",Liquid storage tank; chemicals; organics,flow
8bb065f1-654b-3f5c-b9cf-2d66d92e8c19,"Soy biodiesel, production, at plant",Soy biodiesel; at plant,flow
2656bfd3-ed3c-3fb8-ab93-6597836a463b,"Ethanol, denatured, forest residues, thermochem","Ethanol; denatured, forest residues, thermochem",flow
0ad02910-742a-31a0-a960-415b61e5fe71,"Metallurgical coke, at plant",Metallurgical coke; at plant,flow
a5bc9414-9680-3334-a74a-7e833f576ed9,"Wheat straw, at conversion plant",Wheat straw; at conversion plant,flow
8d6a5bef-cf02-4ab8-96f1-747b791d35e4,"Disposal, chemical waste, unspecified, to residual material landfill","Disposal, wood waste; to unspecified treatment",flow
ee45a5e2-4278-3874-8c99-2fee9a994541,"Recycled biohazard waste, unspecified",Recycled biohazard waste; unspecified,flow
80e2a33d-c18f-36b9-8437-34696f075df9,Bark; hardwood; average; High Intensity Management,"Bark; hardwood, average; high intensity management",flow
36681746-bdeb-41ea-a8cb-c611c349d2ec,"Disposal, BOF dust, to unspecified treatment","Disposal, BOF dust; to unspecified treatment",flow
0f2bfe0f-76ff-36cb-bc35-abca9c747602,"Magnesium oxide, at plant",Magnesium oxide; at plant,flow
e788cf0b-9dbd-341c-9ab2-5a80db504bc0,"Polyol ether, for rigid foam polyurethane production, at plant",Polyol ether; for rigid foam polyurethane production; at plant,flow
47c15639-bc26-4223-83ce-073a88215439,"Glass fiber, reinforced polymer, ground","Glass fiber, reinforced polymer; ground",flow
519475f7-816a-32b0-aec2-bf0091d36bed,"Mixed deposit containers, at source",Mixed deposit containers; at source,flow
55aab448-0f47-3a51-a026-39597c4c7950,"Ductile Iron Pipe, 35""","Ductile iron pipe; 35""",flow
9426eeef-6cf8-302a-96f1-9ee35bc1307e,"Gelcoat, UPR & styrene-based, at plant",Gelcoat; UPR and styrene-based; at plant,flow
c3a414cf-44c3-409b-8481-7c0fafdb225c,"Disposal, solid waste, to incineration without energy recovery","Disposal, solid waste; to incineration without energy recovery",flow
ca68f730-e81a-4044-805f-9347c5c2530d,"Scanner, department, S3120 Max, S3140 Max","Scanner, department; S3120 Max, S3140 Max",flow
00b5c8b4-682d-3000-a2df-246e333f6344,"Enzyme, Alpha-amylase, Novozyme Liquozyme","Enzyme; alpha-amylase, novozyme liquozyme",flow
7c19bebc-8bea-4836-b87e-09241b115b4b,"Sodium hydrogen sulfite, 40% in solution",Sodium hydrogen sulfite; 40% in solution,flow
49e14705-aae9-4051-899e-1ed4946f97f0,"Disposal, radioactive waste, unspecified hazardous waste treatment","Disposal, solid waste to incineration without energy recovery",flow
c8b4edca-9b7b-3006-b1cc-7a370c958544,"Transport, transit bus, CNG powered",Transport; transit bus; compressed natural gas powered,flow
1aabd093-f607-4a85-a82e-f552adc710b3,"Disposal, packaging-biocide carboys (HDPE), to sanitary landfill","Disposal, packaging-biocide carboys (HDPE); to sanitary landfill",flow
c2de65aa-af44-37e3-913b-e91b6df1ff4a,"Filler, synthetic, at plant",Filler; synthetic; at plant,flow
5eac1623-b102-36ea-9601-17271ddda1f8,"Polylactide, PLA, biopolymer resin, at plant","Polylactide, PLA; biopolymer resin; at plant",flow
d0abd58d-6344-3c1d-86eb-7fe98ca69a4a,"Explosives, at plant",Explosives; at plant,flow
91957682-4156-4002-b277-0e02159d2965,"Steam, at plant",Steam; at plant,flow
df346863-dba8-49d0-8df8-50897a05b88f,"Disposal, petroleum based wastes, unspecified, to sanitary landfill","Disposal, petroleum based wastes; unspecified; to sanitary landfill",flow
b5a73b5f-248e-3e8b-af16-4e7c1ae25354,"Power adapter, for laptop, at plant",Power adapter; for laptop; at plant,flow
d2a6a76d-00d2-3fba-bb51-83551fccbe97,Injection moulding,Injection molding,flow
1f8a25cb-2a84-45ca-b418-1b6ab9c38c2c,"Steel; cold rolled coil, at plant",Steel; cold rolled coil; at plant,flow
138ecd2f-9b62-4bc5-a9ec-a6b29f948d79,"Disposal, hard coal ash, 0% water, to residual material landfill","Disposal, hard coal ash; 0% water; to residual material landfill",flow
c9f5f8ae-b825-3d57-9b78-b071fa0dad8c,"Compressed natural gas, at plant",Compressed natural gas; at plant,flow
cc3c0e1a-8425-3bd9-ad9a-d4fc62032589,"Packaging, production scanners",Packaging; production scanners,flow
c67167ab-d2b5-4f5d-86bc-abbbb767df53,"Post-consumer fiber old corrugated cardboard, OCC, recovered and sorted; at material recovery facility (MRF)","Post-consumer fiber old corrugated cardboard, OCC, recovered and sorted; at material recovery facility, MRF",flow
5daa7534-c26f-3aee-9d3e-58d6cf0729bf,"Aluminum scrap, automotive",Aluminum scrap; automotive,flow
34e560b1-5686-32f7-9dd3-e1dc8d9bbc46,"Aluminum, cast, lost foam, at plant",Aluminum cast; lost foam; at plant,flow
74356e02-04c1-3e2f-afd0-b5f234bc5f14,"Solid manure loading and spreading, by hydraulic loader and spreader",Solid manure loading and spreading; by hydraulic loader and spreader,flow
13d77da3-d8ff-3842-a905-fe55e0f22d30,"Filter bags, at plant",Filter bags; at plant,flow
575688eb-e507-4bf7-8d90-c9156be12335,"Disposal, sludge, containing manganese compounds, to sanitary landfill","Disposal, sludge containing manganese compounds; to sanitary landfill",flow
1f0bd7aa-6cb7-3b9d-86a5-ef1b7668e8aa,"Mixed recyclables, for material recycling facility (MRF)","Mixed recyclables; for material recycling facility, MRF",flow
562a4c30-29da-3584-9c76-cc11ff271681,"Glue-adhesive(30-50% terpene,30-50% polybutene,5-10% polyolefin), at plant","Glue-adhesive; 30-50% terpene, 30-50% polybutene, 5-10% polyolefin; at plant",flow
a98db096-441e-4783-900f-b6693ecde0c9,"Disposal, hazardous waste, to incineration with energy recovery","Disposal, hazardous waste; to incineration with energy recovery",flow
50823733-e9a7-3485-9248-d44dfc5dcd96,"Soy-based resin, at plant",Soy-based resin; at plant,flow
77cf59e0-e012-302f-bf8e-7a38d4fc8f21,"Steel product manufacturing, average metal working",Steel product manufacturing; average metal working,flow
34c5d9a7-8301-3088-9f4f-ee200cdccdf3,"EPS insulation board, at plant",EPS insulation board; at plant,flow
055e3f80-da33-3f27-be5f-8d0c59872b9a,"Oxygen, liquid, at plant",Oxygen; liquid; at plant,flow
fc1ee789-e922-3e7c-bbab-7a8ba489aea7,"Aluminum, cast, precision sand casting",Aluminum cast; precision sand casting,flow
6238e764-0f42-36dd-accf-04d0eea40a0c,"Recycled construction debris, unspecified",Recycled construction debris; unspecified,flow
3671e08b-0f5d-423e-9805-3cbd3f7b909a,"Petroleum refined, to material use, at refinery",Petroleum refined; to material use; at refinery,flow
81040c58-d108-3d5e-8b1a-06c2126da24a,"Fertilising, by broadcaster",Fertilising; by broadcaster,flow
c7ce021b-64c1-3842-8913-4dd2f69350c4,"Process wastewater, to municipal wastewater treatment",Process wastewater; to municipal wastewater treatment,flow
ff264df2-256b-4dd9-b23f-3b3e0fb74d75,"Concrete, landfilled",Concrete; landfilled,flow
09b494b5-eb57-4844-aec5-f87160089e0d,"Disposal, wood ash mixture, pure, 0% water, to sanitary landfill","Disposal, other solid waste from plant; to uns. landfill",flow
42ae5c68-7cb4-4874-9cdf-aecf1d1560f4,"Disposal, non-hazardous waste, to landfill","Disposal, other solid waste from plant; to uns. incinerator",flow
201cec3b-525b-41cb-866a-dfd20846b531,"Disposal, wastewater treatment plant residuals, to uns. landfill","Disposal, wastewater treatment plant residuals; to unspecified landfill",flow
58f93b9c-06ea-3950-ab04-e082d35472b5,Ammonium sulfate 30% solids,Ammonium sulfate; 30% solids,flow
e2892617-57cb-375b-87c2-ac37fdff4109,"Silica sand, at mine",Silica sand; at mine,flow
a463ae80-01cc-37b1-b578-d6b37570a900,"Ductile Iron Pipe, 72""","Ductile iron pipe; 72""",flow
13d018fb-f51a-3875-8cf9-2d9a27eb9b9c,"Process-specific burdens, residual material landfill",Process-specific burdens; residual material landfill,flow
761145b7-3abe-48a5-a426-da5da6c36674,"Aluminium sulfate, powder",Aluminium sulfate; powder,flow
aee5ff26-4c8f-32ab-94fa-4f74331f7dc1,"Concrete Pipe, 8""","Concrete pipe; 8""",flow
afca9aff-d083-48a0-b180-a6c49ef1d9ee,"Disposal, brine sludge, to unspecified treatment","Disposal, brine sludge; to unspecified treatment",flow
2a1cebdb-28d0-4602-8530-244700b2d359,"Disposal, chemical waste, unspecified, to unspecified treatment","Disposal, anthracite coal combustion byproducts; to unspecified reuse",flow
c0e21190-462d-3466-b90f-a32b241a70f4,"Recycled postconsumer high-density polyethylene, HDPE, pellet","Recycled postconsumer high-density polyethylene, HDPE; pellet",flow
1001ec37-92aa-476b-b7da-ef7ca70e4f50,"Disposal, corrugate packaging, to unspecified treatment","Disposal, industrial solid waste",flow
5dd01225-d6ea-3f7d-89a7-0e169537ab83,"Ductile Iron Pipe, 54""","Ductile iron pipe; 54""",flow
0c83dd4c-183a-3cae-8603-784d0f8c33c4,"Aluminum oxide sealer, 100% solids",Aluminum oxide sealer; 100% solids,flow
f585ef64-edcf-3536-a869-318dfb9def9c,"indium, at regional storage",Indium; at regional storage,flow
f33bee76-de28-3da6-a2a4-e0e66675c7da,"Recycled baghouse dust, unspecified",Recycled baghouse dust; unspecified,flow
e54aad4c-4919-45ca-88f0-0ed58faf1228,"Disposal, carbon black, to wastewater treatment","Disposal, carbon black; to wastewater treatment",flow
1475f6cd-7fae-31d2-ab63-3b93b84c5b08,"Metal product manufacturing, average metal working",Metal product manufacturing; average metal working,flow
0d2cd48c-88a6-459c-964d-de2570850ccc,"Disposal, radioactive tailings",Disposal; radioactive tailings,flow
03f7870f-062a-3dd1-b3ec-1566c69918b8,"Fly ash, unspecified origin",Fly ash; unspecified origin,flow
4069483a-8d94-3b6b-81be-5f0a249b74f4,"Transport, barge, average fuel mix",Transport; barge; average fuel mix,flow
c32cdfef-1136-4af8-945b-32dd954c7278,"Acrylonitrile-butadiene-styrene, ABS, copolymer resin, at plant","Acrylonitrile-butadiene-styrene, ABS; copolymer resin; at plant",flow
9042b7bf-c63d-31be-a01d-b48666f74e59,"Ductile Iron Pipe, 20""","Ductile iron pipe; 20""",flow
b9b48819-4f4c-3518-92c0-33591198c46c,"Dried roughage store, non ventilated",Dried roughage store; non ventilated,flow
a8175010-07c7-3b6d-8674-3dcd11d9408d,"Sodium aluminate, cellulosic fiberboard",Sodium aluminate; cellulosic fiberboard,flow
7f49cac3-84a7-345a-abaa-c3671a78c38f,"Ethanol, denatured, corn stover, biochemical","Ethanol; denatured, corn stover, biochemical",flow
d6a1af95-3553-3981-8c5b-499fce66a0a7,"Pyretroid-compounds, at regional storehouse",Pyretroid-compounds; at regional storehouse,flow
41361da6-313c-3621-bbe6-3a792f3dab6b,"Transport, combination truck, short-haul, gasoline powered","Transport; combination truck, short-haul; gasoline powered",flow
68c4b3e8-492b-3327-b39f-53005c9f235a,"Energy, output, from gasoline","Energy; output, from gasoline",flow
ee2eb59d-5838-3eff-abff-8f7cf8834d04,"Disodium octaborate tetrahydrate (DOT), at plant","Disodium octaborate tetrahydrate, DOT; at plant",flow
b0533308-3c5a-3a1a-a8e6-4a310e2084bf,"Injection molding, rigid polypropylene part, at plant",Injection molding; rigid polypropylene part; at plant,flow
1e1ff2f7-714d-3cd0-8d4a-a6bee4e587e3,"Polycarboxylates, 40% active substance, at plant",Polycarboxylates; 40% active substance; at plant,flow
d2507cdc-1803-3617-95ca-ab9bd56d7013,"Citric Acid, at plant",Citric acid; at plant,flow
a0fb699f-0085-3ad2-99bf-e4ea891e61ba,"Aluminum, primary, ingot, at plant",Aluminum primary ingot; at plant,flow
ec1bf0d1-ff71-4960-aa0f-9fc87c14f972,"Ethylene, at plant, kg",Ethylene; at plant,flow
cf8a98c5-aa26-3276-9e95-09baf279e190,"Transport, passenger car, gasoline powered",Transport; passenger car; gasoline powered,flow
db125d1b-6993-3390-a88b-c038c542c054,"Flat glass, uncoated - GLO",Flat glass; uncoated,flow
61bb54c5-63bd-48dc-8625-4660cde8aee9,"Tailings, stockpiled, steelmaking, on-site, for unspecified beneficial use","Tailings; stockpiled, steelmaking, for unspecified beneficial use; on-site",flow
579049d0-3db8-4496-a234-2f61ed28a72b,"extrusion, plastic film",Extrusion; plastic film,flow
7a7a05c9-7521-349b-a275-ab8d1a68fb91,"Mowing, by rotary mower",Mowing; by rotary mower,flow
fae72a31-4c2a-4b52-93e4-5531d1946999,"Disposal, sludge, containing phosphorous, to sanitary landfill","Disposal, sludge containing phosphorous; to sanitary landfill",flow
86b3dfe0-cad5-46c9-971f-630d2e0b45bd,"Pitch despergents, in paper production",Pitch despergents; in paper production,flow
374cc7a3-8288-3414-81b1-cb7af5f8d34d,"Acetone from butane, at plant",Acetone from butane; at plant,flow
63eac414-b4bb-3e50-b3a0-f85e2b3ba3b3,"Phenol resorcinol formaldehyde hardener, at plant",Phenol resorcinol formaldehyde hardener; at plant,flow
988eeef3-5ce6-4acb-878c-4d60dfcea53f,"Lithium hydroxide monohydrate, at plant",Lithium hydroxide monohydrate; at plant,flow
343b73e7-27f3-3f11-a29c-f8e95ffe460f,"Ductile Iron Pipe, 44""","Ductile iron pipe; 44""",flow
33eb6a88-a7af-3d11-bb41-81083c4f2ac1,"Curing agent, at plant",Curing agent; at plant,flow
27eb16da-5cbe-393a-a616-1022c15a8d72,"Hexane, at plant",Hexane; at plant,flow
6dd72fbb-80ed-3c19-9a25-4a7d6d7534c1,"Ethanol, 85%, disepensed, at pump","Ethanol; 85%, dispensed; at pump",flow
462dcd9f-0a6f-49ff-9705-d7f34ccdd388,"Disposal, benzene, 1,2,4-trimethyl-, to sanitary landfill","Disposal, benzene; 1;2;4-trimethyl-; to sanitary landfill",flow
337008ae-404c-3c8a-98de-428b3abb5741,"Water-based stain, 20% solids",Water-based stain; 20% solids,flow
6cd7185d-a925-4f63-95ae-541cb44ec17c,"Disposal, wood waste, to residual material landfill","Disposal, wood waste; to residual material landfill",flow
0925e27b-37eb-38b6-8710-314211416cc2,"Transport, light commercial truck, electricity powered",Transport; light commercial truck; electricity powered,flow
d9ff9e8c-6262-413a-9ff6-6f11ba905e27,"Disposal, high radioactive waste",Disposal; high radioactive waste,flow
a595c5ab-6af0-4b03-a64d-90a34d89f2d5,"Disposal, unspecified ashes, to unspecified landfill","Disposal, unspecified ashes; to unspecified landfill",flow
74e78477-e78f-448a-b6d6-490eec6142ff,"Disposal, packaging, unspecified treatment","Disposal, chemical waste; to unspecified treatment",flow
bc8e6793-7071-3c12-bac4-bb5adcb44f79,"Nitrogen, liquid, at plant",Nitrogen; liquid; at plant,flow
cbaecbbe-18c7-3a4a-8d64-514e799fd1e7,"Acetone, liquid",Acetone; liquid,flow
8517bbb8-f754-3ad5-bace-edaa0743b9ff,"Cotton straw, at field",Cotton straw; at field,flow
414990c2-6fa8-385d-bb1d-afa84566d33a,Post; softwood; CCA treated,"Post; softwood, CCA treated",flow
00de148e-2b26-385c-8ddb-7adb76d6bf61,"Palm kernel oil, processed, at plant",Palm kernel oil; processed; at plant,flow
0c271dfc-bbe6-33a3-b79c-5a9d20a22a7b,"Turpentine, at uncoated mechanical paper mill",Turpentine; at uncoated mechanical paper mill,flow
d6bfc1d8-069b-3604-9685-9ed45c6dfce4,"Corn wet milling, operations, AP-42",Corn wet milling; operations,flow
24b0bf55-7d49-3922-ab42-6d3fd734067f,"Pulpwood, softwood, average, at forest road",Pulpwood; softwood; average; at forest road,flow
7f72d860-0e4a-3686-a262-7c045b862d37,"Medium density fiberboard (MDF), at MDF mill","Medium density fiberboard, MDF; at MDF mill",flow
341b4c31-8b79-3d2c-9b99-21e74a8ab3cf,"Fuels, burned at uncoated mechanical paper, average production, at mill",Fuels; burned at uncoated mechanical paper; at mill,flow
5b6f5abc-608f-3f0d-9905-e33c3166b9f8,Lumber; softwood; ACQ treated,"Lumber; softwood, ACQ treated",flow
7e7a192b-c431-3883-aba5-802625561ade,"Crude palm kernel oil, at plant",Crude palm kernel oil; at plant,flow
9475d62c-11e0-351b-aa9e-7fb9e035b96b,"Fuels, burned at unbleached kraft bag sack paper, average production, at mill",Fuels burned at unbleached kraft bag sack paper; at mill,flow
52effa32-8328-32c3-87aa-ac40ebf3aff2,"Soap stock, at plant",Soap stock; at plant,flow
8db31b1d-1a59-304c-801f-a3cd8a23ba45,"Corn, at field",Corn; at field,flow
b749402e-e420-3c23-96eb-10e39d0569e3,"Wood Combusted, at boiler, at cellulosic fiberboard mill",Wood combusted; at boiler; at cellulosic fiberboard mill,flow
afa955a6-954e-33e2-8bfb-e1ff7d414c83,"Turpentine, at unbleached kraft bag and sack paper mill",Turpentine; at unbleached kraft bag and sack paper mill,flow
4ba384f6-f15b-3ef3-ae39-2248e3f54aef,"Wood fuel, at MDF mill",Wood fuel; at MDF mill,flow
8f745171-c4af-3e23-a468-fbde8d7af364,"Soybean grains, at field",Soybean grains; at field,flow
93f2c792-1c84-3ee7-9979-c646bb8e0051,Railroad ties; hardwood; creosote treated,"Railroad ties; hardwood, creosote treated",flow
5f9e4330-20e4-4f3f-94c6-f8fedf7b5ff5,"Electricity, at grid",Electricity; at grid,flow
73f6d99c-51b9-3e90-b358-b7caa6cbfe21,"TDF, combusted in industrial boiler, at pulp and paper mill (EXCL.)",TDF; combusted in industrial boiler; at pulp and paper mill,flow
cd2343aa-210e-3d54-87df-c939bc9296b5,"Hog fuel, pur., combusted in industrial boiler, at pulp and paper mill (EXCL.)",Hog fuel; combusted in industrial boiler; at pulp and paper mill,flow
6629a53d-6d75-3e00-b4e2-4230fb50b9b9,"Electricity, at unbleached kraft bag and sack paper mill",Electricity; at unbleached kraft bag and sack paper mill,flow
765bab27-83e7-3751-a489-085ad54393c6,"Corn stover, ground and stored",Corn stover; ground; at storage,flow
b8dc8889-932a-3517-8d7d-c663d1373227,"Pulp, kraft market, bleached, average production, at mill","Pulp; kraft market, bleached; at mill",flow
36e31371-699a-3223-8587-004c5244e073,"Sawdust, at rough green lumber production",Sawdust; at rough green lumber production,flow
a3e87cf9-1690-3d33-b60e-695150337e42,"Corn, decomposition",Corn; decomposition,flow
186f734c-6126-3e48-9c71-8a256225e000,"Bag house dust, wood fuel, at hardboard plant",Bag house dust; wood fuel; at hardboard plant,flow
755886b4-39b7-4033-a6d2-28472c688c6a,"Electricity, natural gas, at power plant",Electricity; natural gas; at power plant,flow
e0f376d5-b43c-383a-8eb5-8b6a957301f0,"Wheat grains, at field",Wheat grains; at field,flow
80bd7cd8-a4ec-3dd8-888f-1f0f25d355e9,"Wood ash, generated on-site, at hardboard mill",Wood ash; generated on-site; at hardboard mill,flow
f5f83bac-2787-4cb5-968a-2f8feefeec78,"Building construction, hall, steel construction","Building construction; hall, steel construction",flow
ad78a50f-def9-3337-84ab-61e9196b0042,"Wood fuel, sanderdust, particleboard mill",Wood fuel; sanderdust; at particleboard mill,flow
28a1f858-bf65-35b1-ae67-2acb9d16698d,"Forest residue, processed and loaded, at landing system",Forest residue; processed and loaded; at landing system,flow
97624ce0-6d6a-3376-bfa7-c663b3c7e48d,Electricity; onsite boiler; hardwood mill; average,Electricity; onsite boiler; at hardwood mill,flow
1a76ed77-b97d-3070-85b7-b1f41906cece,"Wood waste, unspecified, combusted in industrial boiler",Wood waste; unspecified; combusted in industrial boiler,flow
a8c7720c-363e-37c8-a986-6441c1c12771,Veneer; hardwood; dry; at veneer mill,"Veneer; hardwood, dry; at veneer mill",flow
bdb1e6dc-1a3f-38f4-bac2-4b5197f654af,"Drinking water treatment; Adsorption, with granular activated carbon",Drinking water treatment; adsorption with granular activated carbon,flow
11b6f8e6-4c6c-395a-a27a-2609c58d32a0,"RFO, combusted in industrial boiler, at pulp and paper mill (EXCL.)",RFO; combusted in industrial boiler; at pulp and paper mill,flow
d333b561-b475-319e-9204-7ef75f373308,"Containerboard, 100% recycled, at mill",Containerboard; 100% recycled; at mill,flow
29a5cb8d-2d6d-30af-9446-0e7a554c71e8,"Turpentine, at uncoated freesheet mill",Turpentine; at uncoated freesheet mill,flow
522d83ff-31bb-32cc-b4be-6ff60a54f93f,"Skidding, wheeled cable skidder, 120-160 HP",Skidding; wheeled cable skidder; 120-160 HP,flow
c42be404-82ac-3ad9-9e2b-087be70a5194,"Tillage, reduce, corn production","Tillage, reduce; corn production",flow
5cc2de60-56a9-31c7-92a7-95eb6bd5c90a,"Winter wheat straw, carted",Winter wheat straw; carted,flow
6a30e246-0363-3085-b466-b3a8c7c49ae1,Clippings; hardwood; dry; at veneer mill,"Clippings; hardwood, dry; at veneer mill",flow
1e68baef-0ed7-37bb-9919-61963f9fbd08,"Electricity, diesel, at power plant",Electricity; diesel; at power plant,flow
c5d010a0-82a0-3e65-81bb-4e46e73dd5e3,"Winter wheat straw, ground and stored",Winter wheat straw; ground; at storage,flow
60ecb9c4-23ed-3332-8693-d13a4d279bb4,"Tall oil, at uncoated freesheet mill",Tall oil; at uncoated freesheet mill,flow
0776e600-7518-3fc8-bd33-1581b895bbfb,Conditioned log; hardwood; green; at veneer mill,"Conditioned log; hardwood, green; at veneer mill",flow
a7158692-bd20-375c-92b0-a3dfd5cd7e53,"Culled boards, wood fuel, at hardboard plant",Culled boards; wood fuel; at hardboard plant,flow
916af898-c73f-3a20-83c2-939b84a631e6,"Potato leaves, at field",Potato leaves; at field,flow
cf678567-6e5e-35ac-8fcd-4c3e003e1461,Wood fuel; hardwood; dry; at veneer mill,"Wood fuel; hardwood, dry; at veneer mill",flow
c28f9211-98eb-3509-95cc-771d8fefae51,"Sodium chloride, at plant",Sodium chloride; at plant,flow
7beb2597-d87c-32ba-83c4-336f5dc23a19,Bark; hardwood; green; at veneer mill,"Bark; hardwood, green; at veneer mill",flow
75c3bc19-9aeb-30a9-a43f-c862c7354c85,Wood fuel; hardwood; gen at lumber mill; combusted in industrial boiler,"Wood fuel; hardwood, generated at lumber mill; combusted in industrial boiler",flow
4b5cad63-18f1-30c7-ae7c-79f60094c8f0,"Heat, indirect, heated zones, softwood, plywood veneer drying, AP-42","Heat; indirect, heated zones, softwood, plywood veneer drying",flow
0890c0a7-d074-3730-822f-d7895d64b8c7,"Fuels, burned at bleached kraft market pulp mill, average production, at mill",Fuels; burned at bleached kraft market pulp mill; at mill,flow
7790c31b-ad49-308e-8909-f1af0931f198,Wood fuel; softwood; gen at lumber mill; combusted in industrial boiler,"Wood fuel; softwood, generated at lumber mill; combusted in industrial boiler",flow
ba4fbc4f-a9ab-387c-8bdd-9308dc19f404,"Wood fuel, unspecified",Wood fuel; unspecified,flow
e4a5b60f-dee4-3648-b2fd-7e7131fa21b2,Pressed raw panels; purchased; hardwood; at eng wood flooring plant,"Pressed raw panels; purchased, hardwood; at engineered wood flooring plant",flow
9d6de29f-6d1d-3ca6-bbe5-26d8d2e0c6af,"Hardboard, at hardboard plant",Hardboard; at hardboard plant,flow
7445d544-fd68-4cb8-9f75-00428a6b4c98,"Natural gas, conventional; at processing",Natural gas; conventional; at processing,flow
654a5cf6-185f-3d91-89ef-42442d1825e8,"Residual fuel oil, combusted in industrial boiler",Residual fuel oil; combusted in industrial boiler,flow
7c08fe4d-f534-3bca-94fb-ed2b3e48e142,"Paper, mechanical, coated, average production, at mill","Paper; mechanical, coated; at mill",flow
eaba51fc-8a92-371f-96ef-6cfeae2a3212,Marine piling; softwood; CCA treated,"Marine piling; softwood, CCA treated",flow
c2605713-0601-3252-a78d-63d1f9e27936,"Wood fuel, MDF, generated on-site, combusted in industrial boiler","Wood fuel; MDF, generated on-site; combusted in industrial boiler",flow
32fd72b1-79cd-3dd0-818e-5f46a8b74c57,Wood chips; hardwood; green; at veneer mill,"Wood chips; hardwood, green; at veneer mill",flow
c32b394d-ee04-332c-a310-7b3f17bbb95d,"Wood fuel, hardwood,gen at flooring prod plant, combusted in industrial boiler, E","Wood fuel; hardwood, generated at flooring production plant; combusted in industrial boiler",flow
115967d8-5c6a-32ee-9868-6a786b34ecf2,Wood fuel; hardwood; dry; at engineered wood flooring plant,"Wood fuel; hardwood, dry; at engineered wood flooring plant",flow
c0af8d39-2a03-3e1d-8548-67989e0fda5a,"Natural soda ash (Sodium carbonate), at plant","Natural soda ash, sodium carbonate; at plant",flow
77cbfa28-85c8-3da1-9f3f-1aa00612d97b,"Wood ash, at boiler, at cellulosic fiberboard mill",Wood ash; at boiler; at cellulosic fiberboard mill,flow
263fb8d0-8df5-3cee-834b-b7e2de1dac4a,"Soy meal, at plant",Soy meal; at plant,flow
737e3efb-29d4-3b9d-8d78-6269508c1f59,"Electricity, bituminous coal, at power plant",Electricity; bituminous coal; at power plant,flow
d6172330-9884-338f-8e65-9663a136ca10,"Tall oil, at coated freesheet mill",Tall oil; at coated freesheet mill,flow
98aa5572-5b40-3a90-8d79-771e63c02838,"Harvest, wheat, single pass",Harvest; wheat; single pass,flow
52e7f1f1-455f-3c6c-a777-57cc89098528,Bucked and debarked log; hardwood; green; at veneer mill,"Bucked and debarked log; hardwood, green; at veneer mill",flow
cc4feb8c-7601-3b9d-9b11-be32b1831ab2,"Electricity, at bleached kraft market pulp mill",Electricity; at bleached kraft market pulp mill,flow
d0d971ba-2a97-3b6d-863b-9c8ebf8d5cd9,"Fuels, burned at uncoated freesheet, average production, at mill",Fuels; burned at uncoated freesheet; at mill,flow
d56acd63-a8ae-3308-a626-fa858ee121dd,"Forest residue, dried, stored",Forest residue; dried; at storage,flow
67d71d59-8951-30d6-a5c8-2ddbe3cc92de,"Crude oil, production mixture, at extraction",Crude oil; production mixture; at extraction,flow
563b0918-359e-3468-aeaa-971f0cafedc9,"Harvest, switchgrass",Harvest; switchgrass,flow
54cd924c-48cb-347e-a2d1-dbbf32c93d36,"Potato, at field",Potato; at field,flow
8fe57bef-7504-3270-8dbd-13c0df6ddaac,"Limestone, at mine",Limestone; at mine,flow
eb188759-a3a8-35f9-8827-bccffc0a68eb,Wood fuel; softwood; purchased; combusted in industrial boiler,"Wood fuel; softwood, purchased; combusted in industrial boiler",flow
1da072f7-6853-3388-b30c-0b09e55dd721,"Switchgrass, harvested, wet",Switchgrass; harvested; wet,flow
bb81d0cb-06dc-3614-b69c-3d3780c2c342,"Other, not specified, at cellulosic fiberboard plant",Other; not specified; at cellulosic fiberboard plant,flow
a1c12aba-9009-3cc4-90a0-6dd555e434dd,Railroad tie; hardwood; rough; green; at sawmill,"Railroad tie; hardwood, rough, green; at sawmill",flow
0cc6f1f6-5ff4-36c7-ba84-472348971d75,"Silica sand, at plant",Silica sand; at plant,flow
f5be8e72-c62d-3d59-98a2-039b844e0d36,"Palm kernels, at plant",Palm kernels; at plant,flow
c837f7c6-1f8d-4f62-ade8-4f2a73b41b1a,"Natural gas, production mixture, to material use; at processing",Natural gas; production mixture; to material use,flow
8c24c11a-be36-3121-94c1-36ab7b919d1a,"Turpentine, at bleached kraft market pulp mill",Turpentine; at bleached kraft market pulp mill,flow
9bbce06b-d2dc-47a7-bd5f-ab33379f146e,"Lithium brine, at plant",Lithium brine; at plant,flow
ccf86743-6a0f-39d5-949e-6b2950bae209,Wood fuel; hardwood; purchased; combusted in industrial boiler,"Wood fuel; hardwood, purchased; combusted in industrial boiler",flow
6acc3588-b251-37e3-833b-70725f9a7a7f,"Turpentine, at coated freesheet mill",Turpentine; at coated freesheet mill,flow
b1421df2-c303-3605-a1e2-07b564d6b0ca,"Bark, at MDF mill",Bark; at MDF mill,flow
3390eff1-cd0f-3554-8226-c005bc295f84,"Sander dust, wood fuel, at hardboard plant",Sander dust; wood fuel; at hardboard plant,flow
1cf0f8b8-4291-38b7-a4c5-3a4877e338c5,"Corn stover, carted",Corn stover; carted,flow
0aadcc60-b980-4c3b-919c-2db554a9776d,"Filtration, multi-media filter; wastewater treatment unit; at plant","Filtration, multi-media filter, wastewater treatment unit; at plant",flow
9e321869-bd1f-3c93-8528-8f198de2fa2b,"Electricity, nuclear, at power plant",Electricity; nuclear; at power plant,flow
43b6c51f-f1a9-4a6d-8070-fa84adf27d23,"Crude oil, at extraction",Crude oil; at extraction,flow
8962f8a5-265a-3ebd-8357-aeaecafc18a3,"Electricity, at coated freesheet mill",Electricity; at coated freesheet mill,flow
2ff86a3f-6fb4-3437-939c-3c42d6d037d6,Sawdust; hardwood; dry; at engineered wood flooring plant,"Sawdust; hardwood, dry; at engineered wood flooring plant",flow
34477c97-cd27-366c-a5e7-17ebd2127b9f,"Electricity, at bauxite mining regions",Electricity; at bauxite mining regions,flow
eb35a3fc-2c19-32e2-8789-3c69e2071855,"Switchgrass, production",Switchgrass; at field,flow
673f1eb9-e51c-3e65-a4d6-cff86326989e,"Harvest, corn, single pass","Harvest, single pass; corn",flow
6746e730-ca6c-30b3-bf94-81de71c3696a,"Tall oil, at coated mechanical paper mill",Tall oil; at coated mechanical paper mill,flow
9a41d70d-651c-37e2-81b9-d0286f0f6811,Heat; pressing panels; hardwood; at engineered wood flooring plant,"Heat; pressing panels, hardwood; at engineered wood flooring plant",flow
c5d00ed0-9273-3d30-adbd-04f13c9470c5,"Steam, at coated freesheet mill",Steam; at coated freesheet mill,flow
010fd805-fa43-382c-8332-2a8303335002,"Winter wheat straw, production",Winter wheat straw; at field,flow
64360b9b-adc0-3154-b391-40f2a09891d4,"Electricity, biomass, at power plant",Electricity; biomass; at power plant,flow
0871432e-9009-3056-8387-d73d5b0d2da3,"Paper, bag and sack, unbleached kraft, average production, at mill",Paper bag and sack; unbleached kraft; at mill,flow
13ecfdb9-d784-3cd2-8662-32b2eb662162,"Rice straw, at field",Rice straw; at field,flow
1a34bf95-f897-4af9-b70c-368fce9e41d6,"Natural gas, production mixture, to energy use; at processing",Natural gas; production mixture; to energy use,flow
c4d1204a-67a3-395d-9b59-ba34528b3ba6,"Rice grain, at field",Rice grain; at field,flow
a339abd8-8eaf-3163-862c-85d7eeba2868,Veneer; hardwood; green; at veneer mill,"Veneer; hardwood, green; at veneer mill",flow
1e9c333c-d556-3880-8b94-0bd75bb41dac,"Electricity, at uncoated mechanical paper mill",Electricity; at uncoated mechanical paper mill,flow
db2c1447-2d40-3fa4-83b2-fe2753bbbf6a,"Switchgrass, ground and stored",Switchgrass; ground; at storage,flow
e49582c6-c84a-3a22-a0b1-50afa207ace3,"Pesticide, corn",Pesticide; corn,flow
38472995-20af-3219-a7b5-ad5bcbc1af3a,"Planting, switchgrass",Planting; switchgrass,flow
be9e5186-3414-3d3b-9dfb-183db5b01b7a,"Bag house dust, re-pulped, at hardboard plant",Bag house dust; re-pulped; at hardboard plant,flow
c2974ad6-41e4-3222-990a-2fe51d5ba682,"Spring wheat straw, ground and stored",Spring wheat straw; ground; at storage,flow
f7d232cc-70aa-3669-a4e4-d1083d248e69,"Electricity, residual fuel oil, at power plant",Electricity; residual fuel oil; at power plant,flow
e76b9e39-7437-3612-98bc-6940592ebf2a,"Combustion, wet wood residue, AP-42",Combustion; wet wood residue,flow
0a09b436-a529-3355-b5b7-120a90eac178,"Soybean oil, crude, degummed, at plant","Soybean oil; crude, degummed; at plant",flow
45b3e55b-7892-341a-a0cc-6b6bb421c08c,"Gravel, unspecified, at mine",Gravel; unspecified; at mine,flow
517e2dc3-1415-3feb-b7ae-45c65dca3802,"Soybean residues, at field",Soybean residues; at field,flow
3515e633-ae0d-3417-a0ed-496c045476fd,"Paper, mechanical, uncoated, average production, at mill","Paper; mechanical, uncoated; at mill",flow
405b0729-a9a8-308e-8f24-c6610f59b351,"Combustion, dry wood residue, AP-42",Combustion; dry wood residue,flow
632b1fc8-e674-3717-8407-9088e8857281,"Fuels, burned at coated mechanical paper, average production, at mill",Fuels; burned at coated mechanical paper; at mill,flow
64aec2f1-a029-3332-8f3b-8e8e2a865f61,"Hog fuel, self-gen., combusted in ind. boiler, at pulp and paper mill (EXCL.)","Hog fuel; self-generated, combusted in industrial boiler; at pulp and paper mill",flow
9075f65b-776f-3b67-8e8e-0ad712b67d90,"Spring wheat straw, carted",Spring wheat straw; carted,flow
e7ba8c87-72ef-37ff-ba46-68fcf13e09ea,"Rapeseed, at field",Rapeseed; at field,flow
ca70f6fa-de96-3657-9a4b-3e65793c8de5,"Tillage, conservation, corn production","Tillage, conservation; corn production",flow
e5dc664c-277e-3c2c-9371-56adebed6f31,"Tillage, intensive, corn production","Tillage, intensive; corn production",flow
0ac2e099-0ddb-3a50-a06a-f4d9adbad07e,"Electricity, aluminum smelting and ingot casting regions",Electricity; aluminum smelting and ingot casting regions,flow
c59d8872-e743-3dfb-8480-a189c1860473,"Steam, at bleached kraft market pulp mill",Steam; at bleached kraft market pulp mill,flow
539abee9-d649-3c9b-bf09-9328c2b212c6,"Wood waste, softwood, particleboard mill",Wood waste; softwood; at particleboard mill,flow
8e4dac34-5700-3385-90ae-ebc71adf6ef1,"Electricity, at uncoated freesheet mill",Electricity; at uncoated freesheet mill,flow
3e769f61-d317-3070-9801-9ea491b2edc5,"Lime, agricultural, corn production","Lime, agricultural; corn production",flow
03c57be6-9cea-337b-9b0a-b642dff77173,"Wood, particleboard, generated onsite, combusted in industrial boiler","Wood; particleboard, generated onsite; combusted in industrial boiler",flow
171c5462-de33-38ad-8de6-0d026ed2b051,"Paper, freesheet, coated, average production, at mill","Paper; freesheet, coated; at mill",flow
f77da622-e84d-3639-8917-fcf792aaee13,"Liquefied petroleum gas, combusted in industrial boiler",Liquefied petroleum gas; combusted in industrial boiler,flow
6dd94277-87e0-32e8-bfe7-628e6db871a0,"Corn stover, production",Corn stover; production,flow
daacfcbf-f4ad-39dd-b992-595e25b64b67,"Pesticide, switchgrass",Pesticide; switchgrass,flow
d795055d-1963-3208-8144-213d7b71343b,"Tall oil, at uncoated mechanical paper mill",Tall oil; at uncoated mechanical paper mill,flow
9f913cbd-c240-3516-963f-8041f59b066e,Wood fuel; hardwood; generated at mill; combusted in industrial boiler,"Wood fuel; hardwood, generated at mill; combusted in industrial boiler",flow
48187a93-fc4e-3c80-98c2-5b0eaafc07d4,"Sulfur, at plant",Sulfur; at plant,flow
9dfc9e7c-3c20-3f4d-9d79-d54ec2d8d08b,"Harvesting, fresh fruit bunch, at farm",Harvesting; fresh fruit bunch; at farm,flow
1a30ee75-215c-47ab-8927-8d15cdf63407,"Natural gas, production mixture; at processing",Natural gas; production mixture; at processing,flow
086e1013-f898-357f-b6af-da332554166e,Wood fuel; hardwood; green; at veneer mill,"Wood fuel; hardwood, green; at veneer mill",flow
a9f6971f-58a0-30b0-af5c-a36d11fe487f,"Electricity, lignite coal, at power plant",Electricity; lignite coal; at power plant,flow
0bd049bd-ec69-31ed-80ef-257682ec0253,"Fertilizer, corn",Fertilizer; corn,flow
f126c700-2f3b-3477-9e1d-e73f5741a8b7,"Soy oil, refined, at plant",Soy oil; refined; at plant,flow
15a4d63d-6c88-3196-a2cc-471e1313a399,"Rapeseed residues, at field",Rapeseed residues; at field,flow
a7c46735-ccde-3b61-8a9a-23810a8683b9,"Wood Combusted, at boiler, at hardboard mill",Wood combusted; at boiler; at hardboard mill,flow
5b566644-ae5b-3472-aac1-f4df2af57be6,"Steam, at uncoated mechanical paper mill",Steam; at uncoated mechanical paper mill,flow
7047feb8-1c54-3bef-b0ed-e48b2d052bac,"Fertilizer, stover",Fertilizer; stover,flow
1c2598fb-2015-3309-ba90-1f9bf7e26bfc,"Electricity, alumina refining regions",Electricity; alumina refining regions,flow
c1618370-1fc6-45fc-a2cc-2458bc9ddf6a,"Natural gas, production mixture; at extraction",Natural gas; production mixture; at extraction,flow
833c3f72-fbbe-37ea-adf8-929b47ec0255,Heat; onsite boiler; hardwood mill; average,Heat; onsite boiler; at hardwood mill,flow
0f797f27-2207-3571-84cc-0835a943be09,"Soda powder, at plant",Soda powder; at plant,flow
61615967-3277-36c4-804a-010b5711b401,"Tall oil, from industry-average containerboard",Tall oil; from industry-average containerboard,flow
fd1b9790-c033-3bac-b9b3-056b187b3f32,"Wood fuel, MDF, purchased, combusted in industrial boiler","Wood fuel; MDF, purchased; combusted in industrial boiler",flow
718f9c20-b5b5-35d8-93cd-1310aeffa8e4,"Fertilizer, winter wheat straw",Fertilizer; winter wheat straw,flow
19bd554c-7902-368c-988f-5cc80d6b7cae,"Paper, freesheet, uncoated, average production, at mill","Paper; freesheet, uncoated; at mill",flow
ed1981de-52d1-366c-b629-4abfe56fffd3,"Electricity, at cogen, for natural gas turbine",Electricity; for natural gas turbine; at cogen,flow
bc29539c-0b2c-38cf-9e60-cdff0267d348,"Wheat straw, at field",Wheat straw; at field,flow
90317723-deb2-3db0-8b02-233704e100b7,Shavings; hardwood; dry; at engineered wood flooring plant,"Shavings; hardwood, dry; at engineered wood flooring plant",flow
3dc18462-b043-3501-bcd4-d7c5063d238b,"Dry sawdust, wood fuel, at hardboard plant",Dry sawdust; wood fuel; at hardboard plant,flow
4fbbb19a-bc25-3265-b196-04feec6ace45,"Cotton, at field",Cotton; at field,flow
8523bd1b-ff23-3fe4-8889-9a9956343594,"Fertilizer, switchgrass",Fertilizer; switchgrass,flow
b16b7cc3-bf0c-33fe-b598-15ccebbe3981,"Culled boards, wood fuel, at cellulosic fiberboard plant",Culled boards; wood fuel; at cellulosic fiberboard plant,flow
b88f08c0-f5b8-3fa8-bdd3-476e04d19ea0,Heat; drying veneer; hardwood; at veneer mill,"Heat; drying veneer, hardwood; at veneer mill",flow
4c536a81-63c3-3f13-9e03-4dae3da1a6df,"LPG, combusted in industrial boiler, at pulp and paper mill (EXCL.)",LPG; combusted in industrial boiler; at pulp and paper mill,flow
aa3f78a4-9fec-3904-886f-443aa760a4ae,Grinding,Ground corn,flow
0edbc324-54f8-3617-b4be-7e3afcc76139,"Steam, at uncoated freesheet mill",Steam; at uncoated freesheet mill,flow
4f98f36d-fdb0-3dd0-a8a4-b04a38e10338,"Tall oil, at unbleached kraft bag and sack paper mill",Tall oil; at unbleached kraft bag and sack paper mill,flow
42385daf-e0a4-35de-9a68-931400275c60,"Containerboard, average production, at mill",Containerboard; at mill,flow
360f513b-5196-32f6-83d0-4effb21b0297,"Switchgrass, carted",Switchgrass; carted,flow
d57c30eb-3b8d-3ee5-8c79-c66a859531ae,"Wood fuel, hogfuel, particleboard mill",Wood fuel; hogfuel; at particleboard mill,flow
b141a0ff-99ae-3e93-a607-02324ca55ddc,Lumber; softwood; borate treated,"Lumber; softwood, borate treated",flow
5e226405-3660-3419-b642-c3846a9b26fb,"Steam, at coated mechanical paper mill",Steam; at coated mechanical paper mill,flow
5fad297f-057e-468c-8ae1-bd4ef37514f3,"Natural gas, shale; at processing",Natural gas; shale; at processing,flow
5eead0e3-01ba-3a72-8e10-f9c865857a61,"Wood waste, at MDF mill",Wood waste; at MDF mill,flow
5c3261bf-f870-3ba9-91e0-402b95a94a51,"Corn, production",Corn; production,flow
f83f9e69-b2b6-3ab7-992c-2d8f5a2962ea,"Other, not specified, hardboard, at hardboard plant","Other; not specified, hardboard; at hardboard plant",flow
e7f196a6-da64-3bc6-90c3-853ff5f74b86,"Molasses, at cellulosic fiberboard plant",Molasses; at cellulosic fiberboard plant,flow
3ca71da3-edfd-3ad6-b756-f08a12542156,"Bauxite, at mine",Bauxite; at mine,flow
ea677467-e6eb-3369-b47d-b09edad21f04,"Particleboard, average, softwood, particleboard mill",Particleboard; average; softwood; at particleboard mill,flow
510d2c9a-5542-30fb-b8e6-2d9460fe055c,"Corn grain, harvested and stored",Corn grain; harvested; at storage,flow
46853287-b433-3e17-a1d5-3e9672a2996a,"Turpentine, at coated mechanical paper mill",Turpentine; at coated mechanical paper mill,flow
caca451d-e5df-4bf4-91f8-2c4be75af6dc,"Steam, purchased by containerboard mills",Steam; purchased by containerboard mills,flow
699b73a7-78f7-3e7d-92f0-5a751f4a5c56,"Fuels, burned at coated freesheet, average production, at mill",Fuels; burned at coated freesheet; at mill,flow
5a5c4e91-180e-4293-ac20-7ff1a20f18d7,"Spodumene ore, 1.89% lithium oxide, at plant",Spodumene ore; 1.89% lithium oxide; at plant,flow
360d59b6-0f7a-3b5d-8d61-b6f9e73a4b0a,"Wood fuel, sanderdust, at MDF mill",Wood fuel; sanderdust; at MDF mill,flow
b2964eb3-b95b-310f-9157-4cfe387dec9e,"Pins and fines, at cellulosic fiberboard plant",Pins and fines; at cellulosic fiberboard plant,flow
3f3441c3-ae50-31a6-a846-3b1a6108f0b7,"Poles, softwood, PCP treated","Poles; softwood, PCP treated",flow
b7127e3e-f5a7-307e-8072-30378b9ed1c2,"Corn stover, at field",Corn stover; at field,flow
28b025c1-5897-3e01-8aa2-166cd2c9f86d,"Corn wet mill, gluten drying, AP-42",Corn wet mill; gluten drying,flow
bdc5f6f5-2bcc-39b2-8273-211b96e8258d,"Cellulosic fiberboard, uncoated, at plant",Cellulosic fiberboard; uncoated; at plant,flow
10d44fc8-3120-326c-b57b-531ce9f43013,"Ethanol, 85%, dispensed, at pump - PROXY",Ethanol; 85%; dispensed; at pump - PROXY,process
ef1b51dc-8c59-4691-89b4-ed91ffbcb7a1,"Disposal, MSW, to landfill Bridge; USLCI to USEEIO",Disposal; MSW; to landfill Bridge; USLCI to USEEIO,process
d3e8abb6-74a0-4b6b-b2e4-dee491ba972d,"Building construction, hall, steel construction Bridge; USLCI to USEEIO",Building construction; hall; steel construction Bridge; USLCI to USEEIO,process
bee25e2a-d316-4d38-a90b-30263ad24315,"Agrochemicals, at plant Bridge; USLCI to USEEIO",Agrochemicals; at plant Bridge; USLCI to USEEIO,process
bbb59026-6f14-46f6-9e3d-bc60ed8d45c5,"Sodium hypochlorite, 15% in H2O, at plant Bridge; USLCI to USEEIO",Sodium hypochlorite; 15% in H2O; at plant Bridge; USLCI to USEEIO,process
b7f45f75-9d5e-430c-8e0f-2e1f59350308,"Clay, at mine Bridge; USLCI to USEEIO",Clay; at mine Bridge; USLCI to USEEIO,process
a9b9dcb6-3428-4472-8169-b879dcc0f30e,"Solvent, at plant Bridge; USLCI to USEEIO",Solvent; at plant Bridge; USLCI to USEEIO,process
a69b6a20-acd3-489b-b3e1-bb7ef0615618,"Aluminium sulphate, powder Bridge; USLCI to USEEIO",Aluminium sulphate; powder Bridge; USLCI to USEEIO,process
90f23038-0342-4df4-8c11-ae58f34c8e8d,"Polycarboxylates, 40% active substance Bridge; USLCI to USEEIO",Polycarboxylates; 40% active substance Bridge; USLCI to USEEIO,process
8bc09bc6-46e3-4012-93e3-d4adfe86af15,"Argon, liquid Bridge; USLCI to USEEIO",Argon; liquid Bridge; USLCI to USEEIO,process
894fa440-ba2e-4433-95f3-faecbc4a7a97,"Chemical, unspecified, for wastewater treatment Bridge; USLCI to USEEIO",Chemical; unspecified; for wastewater treatment Bridge; USLCI to USEEIO,process
86f13a15-a773-4945-8b1a-46158a77d131,"Sodium hydrogen Sulfite, 40% in solution Bridge; USLCI to USEEIO",Sodium hydrogen sulfite; 40% in solution Bridge; USLCI to USEEIO,process
7d39d143-b36d-41b3-9581-ff5e11ae8406,"Electronics, for control units Bridge; USLCI to USEEIO",Electronics; for control units Bridge; USLCI to USEEIO,process
7cab87cf-094d-45b8-805e-f39f5ba8e9dc,"Excavation, hydraulic digger Bridge; USLCI to USEEIO",Excavation; hydraulic digger Bridge; USLCI to USEEIO,process
6eda8c79-9c77-42e3-a706-27d20b38f927,"Acetone, liquid Bridge; USLCI to USEEIO",Acetone; liquid Bridge; USLCI to USEEIO,process
6373ec73-ca57-47bd-8284-2f3cc25b8637,"Copper, at storage Bridge; USLCI to USEEIO",Copper; at storage Bridge; USLCI to USEEIO,process
60ec67a9-1287-4323-9efe-df1c1434c9b6,"Sodium hydrogen Sulfite, 12.5% in solution Bridge; USLCI to USEEIO",Sodium hydrogen sulfite; 12.5% in solution Bridge; USLCI to USEEIO,process
442ab5b5-32f4-4de0-9aa7-fa989b0579af,"Chemicals organic, at plant Bridge; USLCI to USEEIO",Chemicals organic; at plant Bridge; USLCI to USEEIO,process
23baebba-06e9-4bb0-9f98-ec855db2e600,"Gravel, unspecified Bridge; USLCI to USEEIO",Gravel; unspecified Bridge; USLCI to USEEIO,process
e93ae1c1-8454-328d-aef7-3698311ae06a,"Mixed recyclables, recovered for material recycling facility, MRF","Mixed recyclables; recovered for material recycling facility, MRF",process
f3374792-5971-4a8a-9a95-ed666f94321f,Sludge hauling and landfill; wastewater treatment unit; Level 3-1,"Sludge hauling and landfill; wastewater treatment unit, level 3-1",process
da27970f-ada2-4360-ae98-d9b568e672e3,"Landfilling of polyvinyl chloride, PVC","Municipal solid waste landfilling of polyvinyl chloride, PVC",process
c4ee7054-3024-4c13-9ba7-ada372860fa0,Sludge hauling and landfill; wastewater treatment unit; Level 5-1,"Sludge hauling and landfill; wastewater treatment unit, level 5-1",process
bd490354-3cd1-4ded-8630-262c590cd163,Landfilling of asphalt concrete,Municipal solid waste landfilling of asphalt concrete,process
b532b27e-bfe3-49cd-b858-75e90ccffc6b,Sludge hauling and landfill; wastewater treatment unit; Level 4-1,"Sludge hauling and landfill; wastewater treatment unit, level 4-1",process
abe35439-4622-4139-921f-431435b2dd39,Landfilling of mixed plastics,Municipal solid waste landfilling of mixed plastics,process
ab2bee03-e04a-43d6-8e49-f88e302cbbc1,Landfilling of mixed electronics,Municipal solid waste landfilling of mixed electronics,process
a176e34a-573a-44a9-b381-843a7d457df5,"Combustion of mixed municipal solid waste, MSW",Combustion of mixed MSW,process
8a63f602-957a-49f9-86fe-903a2e47aa5f,Landfilling of mixed metals,Municipal solid waste landfilling of mixed metals,process
7dd661b9-2e38-479e-8470-c3d11eb7d2a0,Sludge hauling and landfill; wastewater treatment unit; Level 5-2,"Sludge hauling and landfill; wastewater treatment unit, level 5-2",process
78a06d44-2e8b-492c-bcf6-5dc0651e20c2,"Biogas, burned in flare",Biogas; burned in flare,process
7564cc52-b294-42c8-8320-7dd680296c81,Sludge hauling and landfill; wastewater treatment unit; Level 1,"Sludge hauling and landfill; wastewater treatment unit, level 1",process
67119c4c-c22f-49e3-adcb-0d1c40baa24b,Landfilling of mixed paper,Municipal solid waste landfilling of mixed paper,process
60443316-366d-4ae0-8eed-d9993038b4b8,Landfilling of concrete,Municipal solid waste landfilling of concrete,process
5bcf8b86-866d-45b6-8e00-e1ea39c03c53,Landfilling of inert material,Municipal solid waste landfilling of inert material,process
53b70e76-1da1-4704-9456-79d030457c70,Landfilling of mixed organics,Municipal solid waste landfilling of mixed organics,process
3eee3d64-460d-44bc-b58a-96aa76f86091,"Landfilling of mixed municipal solid waste, MSW","Municipal solid waste, MSW, landfilling of mixed MSW",process
30575834-7825-4f17-a3a2-c1dbf11aa439,Landfilling of structural steel,Municipal solid waste landfilling of structural steel,process
29594898-bdc7-4b27-a1ac-71f58c7167a1,Sludge hauling and landfill; wastewater treatment unit; Level 2-2,"Sludge hauling and landfill; wastewater treatment unit, level 2-2",process
27383477-f8ed-487f-9ad2-416d2e9e7357,Sludge hauling and landfill; wastewater treatment unit; Level 3-2,"Sludge hauling and landfill; wastewater treatment unit, level 3-2",process
23ab6ebb-19de-475e-8480-79305ccf9f4a,Sludge hauling and landfill; wastewater treatment unit; Level 2-1,"Sludge hauling and landfill; wastewater treatment unit, level 2-1",process
1bea9d6a-4ef3-4cec-a725-ca79d0355696,Landfilling of glass,Municipal solid waste landfilling of glass,process
0cba346a-49b7-4012-bc20-a88c7a7a0664,"Landfilling, glass fiber, reinforced polymer","Landfilling; glass fiber, reinforced polymer",process
04e0acad-0e1a-4739-b9c9-cad837e5ff84,Sludge hauling and landfill; wastewater treatment unit; Level 4-2,"Sludge hauling and landfill; wastewater treatment unit, level 4-2",process
fadc1941-94ca-3a5d-aea9-429cd0d76a08,"Deposit containers, at collection, California Refund Value, CRV",Deposit containers; california refund value; at collection,process
f7dbe13e-5a57-3360-812a-c99bd94e1e9b,"Transport, refuse truck, diesel powered, Hawaii","Transport, refuse truck; diesel powered; Hawaii",process
f10a3980-2f50-3f3c-be84-abb02ff0ba33,"Transport, refuse truck, diesel powered, East North Central","Transport, refuse truck; diesel powered; East North Central",process
d4647fd6-57bf-3557-b3fe-be8dbc0eb6da,"Mixed recyclables, at collection, commercial",Mixed recyclables; commercial; at collection,process
d20197e1-967f-35cb-95c1-0dbde806c367,"Aluminum recovery, transport, to plant","Aluminum recovery, transport; to plant",process
d04ff0ad-5535-353e-aabc-27b89137bc92,"Mixed recyclables, at collection, dropoff center",Mixed recyclables; dropoff center; at collection,process
cd7fcea7-4b13-36ad-be07-e6fa09cb680b,"Deposit containers, at collection",Deposit containers; at collection,process
a3a1912e-3182-33e9-be73-4997c03d5261,"Transport, refuse truck, diesel powered, Alaska","Transport, refuse truck; diesel powered; Alaska",process
a0b22839-812d-3279-839f-9388f01c96de,"Transport, refuse truck, diesel powered, Northwest","Transport, refuse truck; diesel powered; Northwest",process
97779324-2f80-3950-a8e0-4b2bd32f951f,"Mixed recyclables, at collection, curbside, weight basis",Mixed recyclables; curbside; weight basis; at collection,process
7e58b660-7134-34da-a89f-cb6d2b81ba59,"Transport, refuse truck, diesel powered, Central","Transport, refuse truck; diesel powered; Central",process
7ac14cbe-026f-3e50-9e49-831fbc193e4b,"Transport, refuse truck, diesel powered, Northeast region","Transport, refuse truck; diesel powered; Northeast region",process
6986d506-b365-456c-8111-276972f6b5a4,"Glass fiber, reinforced polymer; fine ground; from wind turbine; at site","Glass fiber; reinforced polymer, fine ground, from wind turbine; at site",process
5eff00a9-58ca-322a-b951-07c86d7fd9fa,"Mixed recyclables, at collection, curbside, volume basis",Mixed recyclables; curbside; volume basis; at collection,process
57daae53-7301-327d-9a32-b3b3ce19e04f,"Transport, refuse truck, diesel powered, Southwest","Transport, refuse truck; diesel powered; Southwest",process
53ffa5d2-4622-30c8-8135-e1eac2d0b268,"Transport, refuse truck, gasoline powered","Transport, refuse truck; gasoline powered",process
39ed6465-2011-3119-8d81-df93767acb0d,"Transport, refuse truck, diesel powered, West region","Transport, refuse truck; diesel powered; West region",process
305caade-c895-33b0-90d7-4641bcf4741e,"Transport, refuse truck, diesel powered, South","Transport, refuse truck; diesel powered; South",process
16d56c2f-7a14-33c1-863d-baecbc1b5170,"Transport, refuse truck, diesel powered","Transport, refuse truck; diesel powered",process
077f9944-eca8-3f2d-b1ee-cdbc115ff0eb,"Transport, refuse truck, diesel powered, West North Central","Transport, refuse truck; diesel powered; West North Central",process
015667f8-18c8-3f3c-bcb9-903185af6f04,"Transport, refuse truck, diesel powered, Southeast","Transport, refuse truck; diesel powered; Southeast",process
0855376f-1ec5-3f3e-bead-959c932539b7,"Transport, pipeline, unspecified petroleum products","Transport, pipeline; unspecified petroleum products",process
57cdac3b-a289-330e-8e55-6b7e2c6885fb,"Transport, pipeline, natural gas","Transport, pipeline; natural gas",process
cef0fa12-65ae-3672-a989-49e304c7ba53,"Transport, passenger truck, diesel powered","Transport, passenger truck; diesel powered",process
c01e63be-688d-36c6-ba41-07d900691186,"Transport, passenger car, diesel powered","Transport, passenger car; diesel powered",process
77b42094-983d-38b5-bb10-90ae9b5f598c,"Transport, passenger truck, gasoline powered","Transport, passenger truck; gasoline powered",process
7687e959-9eed-3227-9fe9-29173b951f34,"Transport, motor home, diesel powered","Transport, motor home; diesel powered",process
553fff99-b003-39a4-b53e-a9b3da050c71,"Transport, passenger car, gasoline powered","Transport, passenger car; gasoline powered",process
22dfa934-0329-347b-be34-e638548f4ae0,"Transport, motorcycle, gasoline powered","Transport, motorcycle; gasoline powered",process
1b506801-d9d6-37a7-b5d2-7d6414373f3c,"Transport, motor home, gasoline powered","Transport, motor home; gasoline powered",process
f54c5355-f6cf-3a17-8564-d01fb359af48,"Transport, school bus, diesel powered, Southwest","Transport, school bus; diesel powered; Southwest",process
ed7627f8-4d2e-3c59-b61e-b1cc6a37f6a9,"Transport, school bus, diesel powered, West","Transport, school bus; diesel powered; West",process
eaf32f1e-3780-3ccc-b6b0-1e0898524284,"Transport, school bus, diesel powered, East North Central","Transport, school bus; diesel powered; East North Central",process
7a44c9fa-db0b-3bec-8086-e4b7bf60d141,"Transport, school bus, diesel powered, Southeast","Transport, school bus; diesel powered; Southeast",process
58d87aee-291c-3c61-9d6f-e8ba8dba94cc,"Transport, school bus, gasoline powered","Transport, school bus; gasoline powered",process
4805457e-a1c3-36c4-a526-b2a26779155c,"Transport, school bus, diesel powered, Northeast","Transport, school bus; diesel powered; Northeast",process
465aca90-3640-3851-a864-01b1c1b247d0,"Transport, school bus, diesel powered, Northwest","Transport, school bus; diesel powered; Northwest",process
245a3bf4-deee-3f04-9a1c-2e3f64a1da1d,"Transport, school bus, diesel powered, Central","Transport, school bus; diesel powered; Central",process
1a7aee1b-bc8e-3521-8864-b9efadc3a871,"Transport, school bus, diesel powered, West North Central","Transport, school bus; diesel powered; West North Central",process
19cb866e-1cfc-3007-b64e-5c5c75492cff,"Transport, school bus, diesel powered, South","Transport, school bus; diesel powered; South",process
0ff039bd-cecc-3149-bd0c-b30a8a5b0f08,"Transport, school bus, diesel powered, Hawaii","Transport, school bus; diesel powered; Hawaii",process
0a67401f-bc99-3993-adbb-3b9ccfeb1c42,"Transport, school bus, diesel powered","Transport, school bus; diesel powered",process
03ea6a34-7abd-3220-a6c7-9b14a551b9f7,"Transport, school bus, diesel powered, Alaska","Transport, school bus; diesel powered; Alaska",process
f781b4ee-27d2-32c0-a2d1-bb661f88141b,"Transport, intercity bus, diesel powered, Northeast","Transport, intercity bus; diesel powered; Northeast",process
f7304101-1cce-3395-91ca-e38fbdc16abb,"Transport, intercity bus, diesel powered, West","Transport, intercity bus; diesel powered; West",process
f16cca9e-8d63-3dca-a1a6-7e3f9e54b313,"Transport, intercity bus, diesel powered, East North Central","Transport, intercity bus; diesel powered; East North Central",process
df931de6-d0ae-30d4-889c-eca58275703c,"Transport, intercity bus, diesel powered, Central","Transport, intercity bus; diesel powered; Central",process
d927432a-8d91-3d3c-987f-bec808f1ec68,"Transport, intercity bus, diesel powered, South","Transport, intercity bus; diesel powered; South",process
a92f1110-9bee-3fa5-82c9-a922cfa84c06,"Transport, intercity bus, diesel powered, West North Central","Transport, intercity bus; diesel powered; West North Central",process
a0635262-38b8-31e0-8e73-a1b28437632d,"Transport, intercity bus, diesel powered, Southeast","Transport, intercity bus; diesel powered; Southeast",process
873b8879-eb22-3c60-b224-1a3aa8f2eadd,"Transport, intercity bus, diesel powered, Hawaii","Transport, intercity bus; diesel powered; Hawaii",process
83fff53a-ffc2-3d4f-8141-69264f86b529,"Transport, intercity bus, diesel powered, Alaska","Transport, intercity bus; diesel powered; Alaska",process
2087543e-37d4-3a37-b351-e134cbe3e538,"Transport, intercity bus, diesel powered","Transport, intercity bus; diesel powered",process
06dc4c32-4219-33f8-9d37-9238da24709f,"Transport, intercity bus, diesel powered, Northwest","Transport, intercity bus; diesel powered; Northwest",process
008a4c75-ff57-309e-b052-c9368f46d53e,"Transport, intercity bus, diesel powered, Southwest","Transport, intercity bus; diesel powered; Southwest",process
eef0b665-299e-3de6-9edc-9e13a3adbdf0,"Transport, transit bus, gasoline powered","Transport, transit bus; gasoline powered",process
ec65cbcc-bd0f-3359-9fab-a7f89e7e0aef,"Transport, transit bus, diesel powered, Northwest","Transport, transit bus; diesel powered; Northwest",process
dd07a541-0512-3a69-a831-bd6d341308fe,"Transport, transit bus, diesel powered, South","Transport, transit bus; diesel powered; South",process
c042ca2f-0d9c-3014-b200-2093351fc4f6,"Transport, transit bus, diesel powered, West North Central","Transport, transit bus; diesel powered; West North Central",process
b3746830-f559-3e05-8df4-7eb7a7c262d1,"Transport, transit bus, diesel powered, Hawaii","Transport, transit bus; diesel powered; Hawaii",process
b27794c0-ad1c-349f-90ea-0f064082b709,"Transport, transit bus, CNG powered","Transport, transit bus; CNG powered",process
ab489078-bfc7-3ff7-9af9-aaca6b225cfd,"Transport, transit bus, diesel powered","Transport, transit bus; diesel powered",process
9b7bef6f-60c3-38fa-9d32-3b1c0c82f866,"Transport, transit bus, diesel powered, Southwest","Transport, transit bus; diesel powered; Southwest",process
8e4ff6b0-ab17-32f5-bf1e-feea2d36ef41,"Transport, transit bus, diesel powered, Southeast","Transport, transit bus; diesel powered; Southeast",process
7821cc71-02fd-37ae-a50d-cdd9073429bb,"Transport, transit bus, diesel powered, Northeast","Transport, transit bus; diesel powered; Northeast",process
71b5dcdf-bdc9-3033-a08c-4186b675de31,"Transport, transit bus, diesel powered, West","Transport, transit bus; diesel powered; West",process
5ba6a086-dc74-3b94-918e-f09e9e8a6aae,"Transport, transit bus, diesel powered, Central","Transport, transit bus; diesel powered; Central",process
5338cf67-3f06-3a0f-81ab-1f7ee8d449f7,"Transport, transit bus, diesel powered, Alaska","Transport, transit bus; diesel powered; Alaska",process
0bc23cda-623c-347a-acf8-a530f22a9a1d,"Transport, transit bus, diesel powered, East North Central","Transport, transit bus; diesel powered; East North Central",process
f002e825-5cb6-3949-be51-863c7fe5d5da,"Wheat straw, at conversion plant, 2022",Wheat straw; at conversion plant,process
9109d57c-8234-3569-a2e6-0e4671b524d9,"Corn grain, at conversion plant, 2022",Corn grain; at conversion plant,process
8ccbedef-d726-3fae-a848-a6d41aeab5a4,"Corn stover, at conversion plant, 2022",Corn stover; at conversion plant,process
4c6f7612-c4b8-36d1-803a-8fb067b1b319,"Switchgrass, at conversion plant, 2022",Switchgrass; at conversion plant,process
2753c5de-221b-369a-84de-689d354b8b2d,"Forest residue, preprocessed, at conversion facility",Forest residue; preprocessed; at conversion facility,process
ffc91f16-4a7a-3b17-9a57-0c1308a68bfd,"Transport, single unit truck, long-haul, compressed natural gas powered","Transport, single unit truck; long-haul; compressed natural gas powered",process
fecba951-c031-36f7-abe3-007dd58adbf5,"Transport, combination truck, short-haul, diesel powered, East North Central","Transport, combination truck; short-haul; diesel powered; East North Central",process
feaa7205-c1f4-3d8c-af05-562781ef8eb6,"Transport, light commercial truck, E85 powered, West","Transport, light commercial truck; E85 powered; West",process
fe76f3c7-32dc-3b08-8f7e-181410fa9a7b,"Transport, combination truck, electricity powered, Northeast","Transport, combination truck; electricity powered; Northeast",process
fe497d56-db73-3867-9356-ac5631405ab1,"Transport, combination truck, short-haul, diesel powered, South","Transport, combination truck; short-haul; diesel powered; South",process
fd86b97d-1190-35fb-b3a6-61a4e290eedf,"Transport, combination truck, long-haul, electricity powered, Central","Transport, combination truck; long-haul; electricity powered; Central",process
fcc53e1b-80ea-3c3b-8fcc-410cd543e2c7,"Transport, light commercial truck, gasoline powered, Central","Transport, light commercial truck; gasoline powered; Central",process
fbeb58e6-91cc-3613-bed4-7cfb9494b943,"Transport, light commercial truck, electricity powered, Hawaii","Transport, light commercial truck; electricity powered; Hawaii",process
f981613a-477d-3be8-9285-9e4779d1e0e8,"Transport, combination truck, diesel powered, West","Transport, combination truck; diesel powered; West",process
f9724a57-14c5-3616-acff-f30ebb4346f0,"Transport, single unit truck, compressed natural gas powered, West","Transport, single unit truck; compressed natural gas powered; West",process
f91293a0-2164-34d5-a851-a15c2599c224,"Transport, combination truck, short-haul, compressed natural gas powered","Transport, combination truck; short-haul; compressed natural gas powered",process
f80c4468-4680-3bc9-9025-895d32394310,"Transport, combination truck, long-haul, electricity powered, Southwest","Transport, combination truck; long-haul; electricity powered; Southwest",process
f6cac940-4ce5-3c3c-8393-66ad74b185c9,"Transport, combination truck, short-haul, diesel powered, Southeast","Transport, combination truck; short-haul; diesel powered; Southeast",process
f5bb9b3a-c502-3520-990a-11108f0b44c8,"Transport, combination truck, electricity powered, West","Transport, combination truck; electricity powered; West",process
f511dd33-5e4b-37d2-b9a5-959d5f2aaf09,"Transport, light commercial truck, electricity powered, Northeast","Transport, light commercial truck; electricity powered; Northeast",process
f311e6ec-ec13-388f-ac9f-4ed0731725c8,"Transport, single unit truck, short-haul, gasoline powered, Northwest","Transport, single unit truck; short-haul; gasoline powered; Northwest",process
f28b8a1a-0d32-3980-9134-eef6808f70c2,"Transport, light commercial truck, electricity powered, Alaska","Transport, light commercial truck; electricity powered; Alaska",process
f012475f-903b-3e4e-9388-5200abdb7395,"Transport, single unit truck, short-haul, diesel powered, Hawaii","Transport, single unit truck; short-haul; diesel powered; Hawaii",process
ef78fc1f-e1df-3a24-8b43-fa8637c613ec,"Transport, combination truck, long-haul, compressed natural gas powered, East North Central","Transport, combination truck; long-haul; compressed natural gas powered; East North Central",process
ee469cfb-94a8-3469-b8c5-9f203109fb2a,"Transport, combination truck, short-haul, compressed natural gas powered, West","Transport, combination truck; short-haul; compressed natural gas powered; West",process
ee1e77e1-0b07-3a7a-ada9-0b1bef460444,"Transport, light commercial truck, diesel powered, Alaska","Transport, light commercial truck; diesel powered; Alaska",process
ed895b89-119c-337b-996d-f9e68a527d70,"Transport, single unit truck, long-haul, compressed natural gas powered, Southwest","Transport, single unit truck; long-haul; compressed natural gas powered; Southwest",process
ed22c2a6-1beb-3c87-b1c9-36de48fcef0d,"Transport, combination truck, short-haul, compressed natural gas powered, Northwest","Transport, combination truck; short-haul; compressed natural gas powered; Northwest",process
ed1e0fe6-16fb-325a-bcd4-7d40722af57b,"Transport, single unit truck, compressed natural gas powered, West North Central","Transport, single unit truck; compressed natural gas powered; West North Central",process
ebe48764-9fda-3c02-9714-621f353e4484,"Transport, single unit truck, gasoline powered, Alaska","Transport, single unit truck; gasoline powered; Alaska",process
eb2f04c5-84f0-3a1b-acc3-b3b9125d1258,"Transport, single unit truck, short-haul, electricity powered, Central","Transport, single unit truck; short-haul; electricity powered; Central",process
eb180616-8607-3906-9bf7-2d97b4cca501,"Transport, combination truck, long-haul, diesel powered, East North Central","Transport, combination truck; long-haul; diesel powered; East North Central",process
e9d0fe6d-9513-3c53-9b44-fee94c32c4e6,"Transport, combination truck, long-haul, compressed natural gas powered, South","Transport, combination truck; long-haul; compressed natural gas powered; South",process
e873d007-5e2a-3193-ac3e-087539227c4d,"Transport, combination truck, short-haul, diesel powered, West","Transport, combination truck; short-haul; diesel powered; West",process
e7827862-9c3d-3c15-ac17-e1298e632788,"Transport, combination truck, long-haul, diesel powered, Southwest","Transport, combination truck; long-haul; diesel powered; Southwest",process
e418b402-e2ca-3987-a03c-752cb578aa4d,"Transport, single unit truck, long-haul, gasoline powered, Alaska","Transport, single unit truck; long-haul; gasoline powered; Alaska",process
e3ecaa74-5c3b-3faa-b644-63d8cc02d61d,"Transport, combination truck, diesel powered, East North Central","Transport, combination truck; diesel powered; East North Central",process
e1f51df0-510d-3d38-b1aa-421a609a4161,"Transport, combination truck, short-haul, compressed natural gas powered, Southwest","Transport, combination truck; short-haul; compressed natural gas powered; Southwest",process
e1d8cff3-c663-3050-898a-14d552e862f7,"Transport, single unit truck, long-haul, gasoline powered, West North Central","Transport, single unit truck; long-haul; gasoline powered; West North Central",process
e0b52131-01d1-313a-a8cc-844fad67227b,"Transport, combination truck, gasoline powered, West North Central","Transport, combination truck; gasoline powered; West North Central",process
e04288cf-df98-3291-8a98-7becb25a3c72,"Transport, combination truck, short-haul, gasoline powered, Central","Transport, combination truck; short-haul; gasoline powered; Central",process
e0009e43-946e-3bb6-90ea-4885d1206a9f,"Transport, single unit truck, short-haul, diesel powered, West","Transport, single unit truck; short-haul; diesel powered; West",process
de52153b-dd47-3033-b4ec-7e2644b3c8ed,"Transport, combination truck, diesel powered, Hawaii","Transport, combination truck; diesel powered; Hawaii",process
ddb20acf-c476-3399-8419-65e867abe63e,"Transport, combination truck, short-haul, electricity powered, Hawaii","Transport, combination truck; short-haul; electricity powered; Hawaii",process
dce702f1-03a1-3fe9-bb48-94a5217fd8cb,"Transport, combination truck, average fuel mix","Transport, combination truck; average fuel mix",process
dc75854b-3781-3bc3-847f-0aaee18a1281,"Transport, single unit truck, long-haul, electricity powered, Hawaii","Transport, single unit truck; long-haul; electricity powered; Hawaii",process
db7c00e1-bed3-3233-a801-00b700aadeda,"Transport, combination truck, short-haul, diesel powered, West North Central","Transport, combination truck; short-haul; diesel powered; West North Central",process
db3e2e1b-a320-3b77-8d19-fd576b9d942c,"Transport, single unit truck, compressed natural gas powered, Southwest","Transport, single unit truck; compressed natural gas powered; Southwest",process
d99ce4b4-1c64-3345-9109-cc82b8665101,"Transport, single unit truck, short-haul, compressed natural gas powered, Central","Transport, single unit truck; short-haul; compressed natural gas powered; Central",process
d9919764-fed6-3a87-8d64-ba028baf7183,"Transport, light commercial truck, gasoline powered, Southeast","Transport, light commercial truck; gasoline powered; Southeast",process
d9873e27-06d1-3f4d-b1ce-8b5e81052a0d,"Transport, combination truck, electricity powered, East North Central","Transport, combination truck; electricity powered; East North Central",process
d830df5e-0121-309e-a1dc-2e6c14e7fa91,"Transport, single unit truck, short-haul, gasoline powered, Central","Transport, single unit truck; short-haul; gasoline powered; Central",process
d7c148c2-8d03-3edb-817f-bc8e63621987,"Transport, light commercial truck, gasoline powered, Northeast","Transport, light commercial truck; gasoline powered; Northeast",process
d7ac1ad3-e087-3e08-9a5e-2474048c5ba2,"Transport, single unit truck, long-haul, diesel powered, Hawaii","Transport, single unit truck; long-haul; diesel powered; Hawaii",process
d57fe4e3-0bc9-3121-aeba-dadf92520714,"Transport, combination truck, electricity powered, Central","Transport, combination truck; electricity powered; Central",process
d520d6bf-0b51-37d3-bc17-c7047faace09,"Transport, light commercial truck, diesel powered, South","Transport, light commercial truck; diesel powered; South",process
d4732ba6-12cf-359d-9993-fadd77745716,"Transport, light commercial truck, gasoline powered, West","Transport, light commercial truck; gasoline powered; West",process
d3df2050-8fe8-3b52-a486-fb5b644aaac8,"Transport, single unit truck, long-haul, compressed natural gas powered, Hawaii","Transport, single unit truck; long-haul; compressed natural gas powered; Hawaii",process
d3a056d7-9199-3c1d-9947-c486e03d529c,"Transport, combination truck, short-haul, diesel powered, Hawaii","Transport, combination truck; short-haul; diesel powered; Hawaii",process
d397dd56-dc53-37a1-956b-5da3aaa81a6f,"Transport, single unit truck, gasoline powered","Transport, single unit truck; gasoline powered",process
d3083209-fbff-3424-81ec-936d695e2969,"Transport, single unit truck, long-haul, compressed natural gas powered, Southeast","Transport, single unit truck; long-haul; compressed natural gas powered; Southeast",process
d1fd2cc5-e679-3ff5-9a8f-0eaf378af81b,"Transport, single unit truck, long-haul, electricity powered, Southeast","Transport, single unit truck; long-haul; electricity powered; Southeast",process
d0bcd6e8-2dff-3800-8ea6-6d7eddb5e630,"Transport, combination truck, short-haul, diesel powered, Alaska","Transport, combination truck; short-haul; diesel powered; Alaska",process
ce1e7fde-7309-39c7-af0a-9027a44b6395,"Transport, single unit truck, short-haul, electricity powered, Alaska","Transport, single unit truck; short-haul; electricity powered; Alaska",process
cdbace4b-f0cb-3bbf-99e6-b1291b558413,"Transport, single unit truck, short-haul, diesel powered, South","Transport, single unit truck; short-haul; diesel powered; South",process
cd9dd2d7-a1c8-37c5-9be9-267548867c84,"Transport, combination truck, diesel powered, Southwest","Transport, combination truck; diesel powered; Southwest",process
ccb7034a-24cb-3406-811e-641dba14e84d,"Transport, single unit truck, short-haul, electricity powered, West North Central","Transport, single unit truck; short-haul; electricity powered; West North Central",process
cc8e796a-b812-31fd-b779-f0e9410bd681,"Transport, combination truck, long-haul, diesel powered, West North Central","Transport, combination truck; long-haul; diesel powered; West North Central",process
cb34bcac-bd43-349f-ae02-423c3d1fee2b,"Transport, combination truck, long-haul, compressed natural gas powered, Southwest","Transport, combination truck; long-haul; compressed natural gas powered; Southwest",process
cae11f5d-75bb-35f1-ae97-5dbd2de50fe7,"Transport, single unit truck, compressed natural gas powered","Transport, single unit truck; compressed natural gas powered",process
ca0197e1-3f0c-3656-a030-348f34805139,"Transport, single unit truck, gasoline powered, West","Transport, single unit truck; gasoline powered; West",process
c9b1a717-654b-3e4b-ab68-ab97840b0201,"Transport, combination truck, gasoline powered, Northwest","Transport, combination truck; gasoline powered; Northwest",process
c89719ad-de15-31f9-8519-e7d0a6c62fe3,"Transport, combination truck, compressed natural gas powered, Southeast","Transport, combination truck; compressed natural gas powered; Southeast",process
c8515ede-8a41-3ae9-9b69-7efb716f31ca,"Transport, single unit truck, diesel powered, Northwest","Transport, single unit truck; diesel powered; Northwest",process
c81b7a24-a554-3523-947c-96e8eacf158b,"Transport, single unit truck, diesel powered, East North Central","Transport, single unit truck; diesel powered; East North Central",process
c7029ef8-6c25-3413-9b50-223d7794b393,"Transport, single unit truck, gasoline powered, Hawaii","Transport, single unit truck; gasoline powered; Hawaii",process
c66c6907-1397-325c-a4e3-35a3aee7046a,"Transport, single unit truck, long-haul, electricity powered, West","Transport, single unit truck; long-haul; electricity powered; West",process
c61b85fc-217c-32c1-b313-ba8efb80e378,"Transport, combination truck, long-haul, diesel powered, Central","Transport, combination truck; long-haul; diesel powered; Central",process
c61964bd-2f6a-3aa4-a43c-dc215d3fce87,"Transport, light commercial truck, diesel powered, West North Central","Transport, light commercial truck; diesel powered; West North Central",process
c53fc653-3e95-31b3-a97a-7c7d0c265242,"Transport, light commercial truck, E85 powered, South","Transport, light commercial truck; E85 powered; South",process
c4e79cfb-ac87-39ce-9dbb-7e7b689a9949,"Transport, single unit truck, short-haul, compressed natural gas powered","Transport, single unit truck; short-haul; compressed natural gas powered",process
c4057cae-4e2c-3595-948a-ac60ec19b31d,"Transport, single unit truck, diesel powered, Hawaii","Transport, single unit truck; diesel powered; Hawaii",process
c3ef9869-9821-3051-921c-d747b1060633,"Transport, combination truck, short-haul, compressed natural gas powered, Hawaii","Transport, combination truck; short-haul; compressed natural gas powered; Hawaii",process
c3be0482-cb54-39f8-8638-dd3a4dec68eb,"Transport, single unit truck, long-haul, diesel powered, Northwest","Transport, single unit truck; long-haul; diesel powered; Northwest",process
c3ba0cd2-d36d-396a-8295-bd4c00979cf6,"Transport, single unit truck, long-haul, diesel powered","Transport, single unit truck; long-haul; diesel powered",process
c3880960-a3e7-397c-b9c5-ad3ea69fa101,"Transport, single unit truck, electricity powered, East North Central","Transport, single unit truck; electricity powered; East North Central",process
c365372e-b463-35b8-acee-d2ad71e2ccdd,"Transport, single unit truck, short-haul, diesel powered, Northwest","Transport, single unit truck; short-haul; diesel powered; Northwest",process
c330ff5d-bff8-326f-80f8-a51c78c853ea,"Transport, single unit truck, compressed natural gas powered, Alaska","Transport, single unit truck; compressed natural gas powered; Alaska",process
c2a7ddaa-164e-3a05-b063-221f68080142,"Transport, single unit truck, long-haul, diesel powered, West","Transport, single unit truck; long-haul; diesel powered; West",process
c27d8678-6c60-3c55-a4bf-81093984915a,"Transport, combination truck, long-haul, compressed natural gas powered, Alaska","Transport, combination truck; long-haul; compressed natural gas powered; Alaska",process
c23bad5c-5223-3ec0-a4a7-d96fc86b554f,"Transport, light commercial truck, E85 powered, Southeast","Transport, light commercial truck; E85 powered; Southeast",process
c2142561-f5c2-3311-95d1-25b625576c80,"Transport, combination truck, short-haul, gasoline powered, Southwest","Transport, combination truck; short-haul; gasoline powered; Southwest",process
c1fcb068-310a-34da-9021-f61d875d27de,"Transport, combination truck, long-haul, compressed natural gas powered, Northeast","Transport, combination truck; long-haul; compressed natural gas powered; Northeast",process
c152d641-ddad-3c1b-b2f9-974d08cc8e00,"Transport, combination truck, short-haul, compressed natural gas powered, Central","Transport, combination truck; short-haul; compressed natural gas powered; Central",process
c1053de1-15ad-3ee4-9694-0bd0610a00ed,"Transport, combination truck, long-haul, electricity powered","Transport, combination truck; long-haul; electricity powered",process
c069b1d6-6596-356b-81f9-16f3d65bd6b1,"Transport, combination truck, long-haul, diesel powered, Hawaii","Transport, combination truck; long-haul; diesel powered; Hawaii",process
c013fecd-01c9-3d27-8ab9-b3098574fdb1,"Transport, combination truck, short-haul, compressed natural gas powered, Northeast","Transport, combination truck; short-haul; compressed natural gas powered; Northeast",process
bf6e7378-4e08-3698-a3a7-c9cc90fcbc07,"Transport, light commercial truck, diesel powered","Transport, light commercial truck; diesel powered",process
bed8446c-5d29-3e1a-bbd7-3d9a14721d1c,"Transport, single unit truck, diesel powered, Central","Transport, single unit truck; diesel powered; Central",process
be094940-fb6d-348b-a25b-3fb8ac9b561a,"Transport, light commercial truck, electricity powered, Northwest","Transport, light commercial truck; electricity powered; Northwest",process
bdd2a8a5-6f7a-3884-85ad-ad28e21e5a1a,"Transport, single unit truck, short-haul, compressed natural gas powered, Northwest","Transport, single unit truck; short-haul; compressed natural gas powered; Northwest",process
bdc7eae6-8024-3977-bf48-3051691a0af6,"Transport, combination truck, short-haul, electricity powered","Transport, combination truck; short-haul; electricity powered",process
bd3a7b9b-d08d-34b1-b006-a33a2f76a09c,"Transport, single unit truck, long-haul, compressed natural gas powered, Northeast","Transport, single unit truck; long-haul; compressed natural gas powered; Northeast",process
bd18f612-6ce3-3b2e-bb7d-c346ad6d9d75,"Transport, combination truck, diesel powered, Alaska","Transport, combination truck; diesel powered; Alaska",process
bce059b7-4de7-3505-b692-662149026a0a,"Transport, combination truck, short-haul, gasoline powered, Northeast","Transport, combination truck; short-haul; gasoline powered; Northeast",process
bbd164e5-571d-3b26-be5a-9a479b24b77c,"Transport, combination truck, electricity powered","Transport, combination truck; electricity powered",process
bbcb0128-0ea1-3ef9-9f94-889a523b7c35,"Transport, light commercial truck, diesel powered, Central","Transport, light commercial truck; diesel powered; Central",process
ba914599-c630-31ef-b30a-819a1f179c51,"Transport, combination truck, short-haul, electricity powered, Alaska","Transport, combination truck; short-haul; electricity powered; Alaska",process
ba328bfe-68dd-3d33-a95e-bdcd28252c39,"Transport, single unit truck, short-haul, gasoline powered","Transport, single unit truck; short-haul; gasoline powered",process
b7ccc96d-a8a7-38e5-8c14-70bb9c3d2f34,"Transport, single unit truck, long-haul, electricity powered, Central","Transport, single unit truck; long-haul; electricity powered; Central",process
b797797e-814d-3e4a-867b-90bea0bcdeaa,"Transport, single unit truck, long-haul, compressed natural gas powered, South","Transport, single unit truck; long-haul; compressed natural gas powered; South",process
b60e52eb-01b4-3fd7-ab3f-b3290c2cab06,"Transport, combination truck, short-haul, electricity powered, Southeast","Transport, combination truck; short-haul; electricity powered; Southeast",process
b4db0c58-f16d-319d-b8ee-294e6fcf7745,"Transport, single unit truck, electricity powered, South","Transport, single unit truck; electricity powered; South",process
b3dd9ee8-c149-3e57-ade5-386171b219e7,"Transport, single unit truck, short-haul, compressed natural gas powered, East North Central","Transport, single unit truck; short-haul; compressed natural gas powered; East North Central",process
b3d3db4f-a2a9-3351-ac7d-7f1ebe670ba0,"Transport, single unit truck, long-haul, electricity powered, Northwest","Transport, single unit truck; long-haul; electricity powered; Northwest",process
b2ff31a2-03d4-3a48-9400-2c59592005dc,"Transport, combination truck, electricity powered, South","Transport, combination truck; electricity powered; South",process
b22a873f-a468-34d6-8be1-f4579cb24e2f,"Transport, combination truck, electricity powered, Northwest","Transport, combination truck; electricity powered; Northwest",process
b10f02ba-d8a4-33fc-9ad0-4ec23672f42b,"Transport, combination truck, diesel powered, West North Central","Transport, combination truck; diesel powered; West North Central",process
b024a56f-30d2-32c7-9066-3260d390b442,"Transport, single unit truck, short-haul, gasoline powered, South","Transport, single unit truck; short-haul; gasoline powered; South",process
b01df176-be02-35f9-b035-abd70b10b6e4,"Transport, single unit truck, long-haul, electricity powered, Northeast","Transport, single unit truck; long-haul; electricity powered; Northeast",process
b001e212-e048-37ed-880c-6d19b0f87914,"Transport, light commercial truck, gasoline powered, West North Central","Transport, light commercial truck; gasoline powered; West North Central",process
afa04fc6-fc28-30de-8b2c-6845e0e668bd,"Transport, single unit truck, long-haul, compressed natural gas powered, Northwest","Transport, single unit truck; long-haul; compressed natural gas powered; Northwest",process
aee013f3-6ae5-3c4c-acad-8dc891462326,"Transport, combination truck, compressed natural gas powered","Transport, combination truck; compressed natural gas powered",process
ad7dc241-1359-33bf-af7e-6b8461273e41,"Transport, combination truck, gasoline powered, East North Central","Transport, combination truck; gasoline powered; East North Central",process
ad32b6d8-b721-353b-bbda-9a43e572aa79,"Transport, combination truck, electricity powered, Southwest","Transport, combination truck; electricity powered; Southwest",process
ad18453a-694c-36d9-8acf-fe95a3bc280d,"Transport, single unit truck, long-haul, electricity powered, West North Central","Transport, single unit truck; long-haul; electricity powered; West North Central",process
a88d64a9-8f2c-3821-9b70-57840000db31,"Transport, single unit truck, long-haul, electricity powered, Alaska","Transport, single unit truck; long-haul; electricity powered; Alaska",process
a6ce0158-8065-352d-9a3b-c80fac6acf78,"Transport, combination truck, short-haul, gasoline powered, East North Central","Transport, combination truck; short-haul; gasoline powered; East North Central",process
a685da05-1a42-3fe1-a68b-6db458be5e07,"Transport, combination truck, long-haul, diesel powered","Transport, combination truck; long-haul; diesel powered",process
a58b8442-e2fb-39b4-ab68-ac4bee6f1fcc,"Transport, single unit truck, short-haul, electricity powered","Transport, single unit truck; short-haul; electricity powered",process
a5865467-8794-38cb-975b-6165286aa23f,"Transport, light commercial truck, E85 powered, Southwest","Transport, light commercial truck; E85 powered; Southwest",process
a4f5f3c5-8f82-38e7-b8cf-7b4f3208f5dc,"Transport, combination truck, compressed natural gas powered, Southwest","Transport, combination truck; compressed natural gas powered; Southwest",process
a4ede9e0-443d-3342-8cd3-6c5351afba8b,"Transport, combination truck, long-haul, electricity powered, Northwest","Transport, combination truck; long-haul; electricity powered; Northwest",process
a2d522a3-27aa-371c-be65-41b683497fc3,"Transport, combination truck, short-haul, electricity powered, Northeast","Transport, combination truck; short-haul; electricity powered; Northeast",process
a2b119d4-5dce-3cb6-a013-ad3632c06feb,"Transport, single unit truck, diesel powered, Southeast","Transport, single unit truck; diesel powered; Southeast",process
a17f251a-de94-3933-b3b1-61aef7df590d,"Transport, combination truck, long-haul, diesel powered, Southeast","Transport, combination truck; long-haul; diesel powered; Southeast",process
a17c7651-0fae-330c-bfe8-5f862200f5d2,"Transport, single unit truck, long-haul, diesel powered, Southeast","Transport, single unit truck; long-haul; diesel powered; Southeast",process
a14d95a3-cea2-33a7-ba38-f7c899d7e777,"Transport, single unit truck, long-haul, electricity powered","Transport, single unit truck; long-haul; electricity powered",process
a04b5f07-b650-3f20-9eb3-95b4dc678db0,"Transport, single unit truck, long-haul, electricity powered, South","Transport, single unit truck; long-haul; electricity powered; South",process
a03573cf-b7a1-3a24-bc92-d1eafeffa261,"Transport, single unit truck, compressed natural gas powered, South","Transport, single unit truck; compressed natural gas powered; South",process
9be99f9e-d855-3f70-b879-9cba92fae8ee,"Transport, combination truck, short-haul, diesel powered, Northeast","Transport, combination truck; short-haul; diesel powered; Northeast",process
9b55b8db-4411-3cb7-bb24-1bd47f4d8c1a,"Transport, combination truck, gasoline powered, Northeast","Transport, combination truck; gasoline powered; Northeast",process
9a796145-e4bc-365d-8cfa-b6d15db759d4,"Transport, single unit truck, electricity powered, West","Transport, single unit truck; electricity powered; West",process
9a0c9355-de4f-324b-8c72-bd57a1944514,"Transport, single unit truck, short-haul, gasoline powered, Northeast","Transport, single unit truck; short-haul; gasoline powered; Northeast",process
9875751f-9184-361c-984a-341c293185c3,"Transport, combination truck, long-haul, electricity powered, South","Transport, combination truck; long-haul; electricity powered; South",process
9782f9bc-0739-35dd-974e-4d625fe7b6f7,"Transport, combination truck, short-haul, compressed natural gas powered, South","Transport, combination truck; short-haul; compressed natural gas powered; South",process
976227bd-5a7a-3e8e-9e67-7ce926b428a8,"Transport, single unit truck, short-haul, gasoline powered, Southeast","Transport, single unit truck; short-haul; gasoline powered; Southeast",process
96f5b352-fcf1-37c0-bea1-8600ab1875e1,"Transport, light commercial truck, diesel powered, Southeast","Transport, light commercial truck; diesel powered; Southeast",process
93664230-e60b-39d3-9cfe-d35f207c0447,"Transport, single unit truck, short-haul, electricity powered, East North Central","Transport, single unit truck; short-haul; electricity powered; East North Central",process
935ae747-5a9c-3718-b6a4-df622378456a,"Transport, combination truck, short-haul, electricity powered, West","Transport, combination truck; short-haul; electricity powered; West",process
92a26ffb-b2ee-39e9-b4ee-983c4899e46e,"Transport, single unit truck, compressed natural gas powered, Northwest","Transport, single unit truck; compressed natural gas powered; Northwest",process
921c2e4b-992f-36cb-8433-0fad28e91482,"Transport, combination truck, compressed natural gas powered, Northeast","Transport, combination truck; compressed natural gas powered; Northeast",process
91f05c7b-ade4-3b04-ad3c-4ecce11f3ff4,"Transport, single unit truck, short-haul, gasoline powered, West","Transport, single unit truck; short-haul; gasoline powered; West",process
91bd69fe-faec-3f4a-b96d-4a72d0be1d07,"Transport, single unit truck, short-haul, electricity powered, Southwest","Transport, single unit truck; short-haul; electricity powered; Southwest",process
90e9ed10-ddca-3812-8bde-2a1b1f3fb427,"Transport, combination truck, short-haul, gasoline powered, Alaska","Transport, combination truck; short-haul; gasoline powered; Alaska",process
907b7232-6adc-3e3f-b417-98a5bf5fb49a,"Transport, light commercial truck, gasoline powered, Southwest","Transport, light commercial truck; gasoline powered; Southwest",process
901c5aa4-1578-3198-8828-d14f5ab6ea6b,"Transport, light commercial truck, E85 powered, West North Central","Transport, light commercial truck; E85 powered; West North Central",process
8fbb300d-2908-3dd0-97ce-0ce9eb324c44,"Transport, light commercial truck, gasoline powered, Alaska","Transport, light commercial truck; gasoline powered; Alaska",process
8f8f6e1d-d8d2-3ae9-9003-eca0c148f3ea,"Transport, combination truck, long-haul, electricity powered, Hawaii","Transport, combination truck; long-haul; electricity powered; Hawaii",process
8f44885d-22a9-33ef-ac07-8bf8b2153054,"Transport, combination truck, compressed natural gas powered, Alaska","Transport, combination truck; compressed natural gas powered; Alaska",process
8e21a279-3c3e-3e94-901c-69322d474a1e,"Transport, light commercial truck, gasoline powered, Northwest","Transport, light commercial truck; gasoline powered; Northwest",process
8e075e04-06b4-3bdd-ac09-4c53b6c7e50a,"Transport, single unit truck, short-haul, diesel powered, Alaska","Transport, single unit truck; short-haul; diesel powered; Alaska",process
8d1daa68-bede-347a-86a4-aeca5383906c,"Transport, combination truck, short-haul, diesel powered","Transport, combination truck; short-haul; diesel powered",process
8c8138e7-7529-32c7-9000-f5542d19ef54,"Transport, single unit truck, gasoline powered, Central","Transport, single unit truck; gasoline powered; Central",process
8c5f924d-f2e5-32df-9e19-d2682d2e8208,"Transport, single unit truck, electricity powered, Southeast","Transport, single unit truck; electricity powered; Southeast",process
8c3b113e-9ed2-3a86-af12-130b79da4b9b,"Transport, single unit truck, short-haul, diesel powered, West North Central","Transport, single unit truck; short-haul; diesel powered; West North Central",process
8bc30eb0-0fa6-3cef-8855-d8e975cd915d,"Transport, combination truck, long-haul, diesel powered, South","Transport, combination truck; long-haul; diesel powered; South",process
8ba63664-bb54-3899-8e07-1b55737d5636,"Transport, combination truck, long-haul, diesel powered, West","Transport, combination truck; long-haul; diesel powered; West",process
8b8d5f56-82c0-3254-a22a-a0e0df0090ba,"Transport, single unit truck, short-haul, gasoline powered, Hawaii","Transport, single unit truck; short-haul; gasoline powered; Hawaii",process
8b269338-a4f9-382c-8cd5-0d8dede2f9ef,"Transport, combination truck, electricity powered, Hawaii","Transport, combination truck; electricity powered; Hawaii",process
8a219bfb-4213-3254-9f85-dd32da77d5c3,"Transport, single unit truck, long-haul, gasoline powered, South","Transport, single unit truck; long-haul; gasoline powered; South",process
8a003812-42fc-38bb-8b9d-fb7f48a4418f,"Transport, combination truck, short-haul, gasoline powered, West","Transport, combination truck; short-haul; gasoline powered; West",process
88a9889c-1b38-3735-8598-409e9fe1f36e,"Transport, single unit truck, long-haul, gasoline powered, Central","Transport, single unit truck; long-haul; gasoline powered; Central",process
8711816f-44a2-3f68-beaf-7d946b7d1a18,"Transport, combination truck, short-haul, compressed natural gas powered, West North Central","Transport, combination truck; short-haul; compressed natural gas powered; West North Central",process
85a03eac-6e0a-3c47-8a18-e71b16e913f9,"Transport, light commercial truck, diesel powered, Hawaii","Transport, light commercial truck; diesel powered; Hawaii",process
84aeb815-88d9-3205-862b-ffb3b6b54baa,"Transport, single unit truck, long-haul, diesel powered, South","Transport, single unit truck; long-haul; diesel powered; South",process
839d9d0a-bdea-397a-9886-c3b86ea1ff1a,"Transport, combination truck, short-haul, electricity powered, West North Central","Transport, combination truck; short-haul; electricity powered; West North Central",process
834dde82-05d0-3cfe-aa59-0290d3e955a1,"Transport, combination truck, compressed natural gas powered, Hawaii","Transport, combination truck; compressed natural gas powered; Hawaii",process
83494409-4f95-3c7d-b7d7-09653dd86919,"Transport, light commercial truck, diesel powered, Southwest","Transport, light commercial truck; diesel powered; Southwest",process
83231290-a84c-3a4e-a4b1-a14ae3f37c3e,"Transport, combination truck, short-haul, compressed natural gas powered, East North Central","Transport, combination truck; short-haul; compressed natural gas powered; East North Central",process
829eb677-aa4c-3a1a-9611-c03515c40326,"Transport, combination truck, long-haul, diesel powered, Northwest","Transport, combination truck; long-haul; diesel powered; Northwest",process
829dbcc5-70eb-324d-a6c1-c20870342237,"Transport, light commercial truck, diesel powered, Northwest","Transport, light commercial truck; diesel powered; Northwest",process
8284dc18-f621-3a94-b82d-cdb7011c24bd,"Transport, combination truck, gasoline powered, West","Transport, combination truck; gasoline powered; West",process
8118084d-2f5c-35c8-a355-e0943a9efbe8,"Transport, combination truck, short-haul, electricity powered, Southwest","Transport, combination truck; short-haul; electricity powered; Southwest",process
80f88f97-49db-3c03-9f6f-f156c195d89d,"Transport, single unit truck, gasoline powered, South","Transport, single unit truck; gasoline powered; South",process
7f888907-f9d9-36b9-b975-e532c0e26937,"Transport, combination truck, long-haul, electricity powered, West North Central","Transport, combination truck; long-haul; electricity powered; West North Central",process
7f4b827d-fd21-3b86-8be6-a02b70c48432,"Transport, combination truck, compressed natural gas powered, Central","Transport, combination truck; compressed natural gas powered; Central",process
7e7c1558-0be2-3da1-b0eb-ae41e5734fb8,"Transport, light commercial truck, electricity powered","Transport, light commercial truck; electricity powered",process
7e5c3461-8dcf-3ef1-b35c-514d31639f0e,"Transport, single unit truck, short-haul, diesel powered, East North Central","Transport, single unit truck; short-haul; diesel powered; East North Central",process
7e1f45b5-3e02-3c18-879f-01e06284d639,"Transport, combination truck, short-haul, gasoline powered, South","Transport, combination truck; short-haul; gasoline powered; South",process
7d7c5506-806c-3208-95c9-3e416e713783,"Transport, combination truck, long-haul, compressed natural gas powered, Central","Transport, combination truck; long-haul; compressed natural gas powered; Central",process
7d0d84a9-699c-382d-99e5-36542964905a,"Transport, light commercial truck, electricity powered, West","Transport, light commercial truck; electricity powered; West",process
7b40d1a5-c8bf-396d-94bb-e94a11f0136b,"Transport, single unit truck, long-haul, compressed natural gas powered, Central","Transport, single unit truck; long-haul; compressed natural gas powered; Central",process
7b073de5-31e4-3cdd-9054-934d7f297113,"Transport, single unit truck, long-haul, compressed natural gas powered, East North Central","Transport, single unit truck; long-haul; compressed natural gas powered; East North Central",process
77a87375-d695-322a-97d8-3470855f7b5f,"Transport, single unit truck, diesel powered, Southwest","Transport, single unit truck; diesel powered; Southwest",process
76f76056-d152-36f1-9680-a7e3c11d4fd5,"Transport, light commercial truck, E85 powered, Hawaii","Transport, light commercial truck; E85 powered; Hawaii",process
7666dfe2-42e7-32b1-865c-ad7abef41db3,"Transport, light commercial truck, diesel powered, West","Transport, light commercial truck; diesel powered; West",process
7612e2bb-994a-36f9-8728-9b87284ec58f,"Transport, single unit truck, compressed natural gas powered, East North Central","Transport, single unit truck; compressed natural gas powered; East North Central",process
75b40b26-f169-34f0-9991-c617151c7665,"Transport, light commercial truck, diesel powered, East North Central","Transport, light commercial truck; diesel powered; East North Central",process
72ca8b0a-f7c6-3289-9b69-a2ce5f05395b,"Transport, combination truck, long-haul, compressed natural gas powered","Transport, combination truck; long-haul; compressed natural gas powered",process
711ab26a-94a2-33f9-89da-560c55808297,"Transport, single unit truck, short-haul, diesel powered","Transport, single unit truck; short-haul; diesel powered",process
70ed89bd-4396-374b-bf10-23cf1c3bcf18,"Transport, single unit truck, gasoline powered, Southeast","Transport, single unit truck; gasoline powered; Southeast",process
70d1768c-28e5-30e1-84ef-25bf8cb9c1f0,"Transport, combination truck, compressed natural gas powered, South","Transport, combination truck; compressed natural gas powered; South",process
70876d4c-f848-3a4c-a4ef-11d54f49b7dd,"Transport, combination truck, short-haul, electricity powered, South","Transport, combination truck; short-haul; electricity powered; South",process
707525a6-c6e4-31e0-a728-5685f0133b9c,"Transport, single unit truck, long-haul, gasoline powered","Transport, single unit truck; long-haul; gasoline powered",process
7063885b-47e5-31de-a984-6765f39e1387,"Transport, single unit truck, short-haul, electricity powered, South","Transport, single unit truck; short-haul; electricity powered; South",process
7008f69e-79bb-3744-86b8-d43ec782ceda,"Transport, single unit truck, short-haul, compressed natural gas powered, Hawaii","Transport, single unit truck; short-haul; compressed natural gas powered; Hawaii",process
6ef61870-e92e-34e0-97ba-d62962f70b3e,"Transport, single unit truck, long-haul, diesel powered, Alaska","Transport, single unit truck; long-haul; diesel powered; Alaska",process
6d60445d-fe08-3328-9757-6c63f96bf05b,"Transport, single unit truck, long-haul, gasoline powered, Northwest","Transport, single unit truck; long-haul; gasoline powered; Northwest",process
6d0fc48d-a8d0-3d87-b337-d7fabf9767bc,"Transport, light commercial truck, gasoline powered","Transport, light commercial truck; gasoline powered",process
6cb8e249-7ffe-3892-a3f7-fbdcbea69a6b,"Transport, single unit truck, compressed natural gas powered, Northeast","Transport, single unit truck; compressed natural gas powered; Northeast",process
6c9b1825-74d8-374e-836d-340c45b2d936,"Transport, single unit truck, long-haul, compressed natural gas powered, West","Transport, single unit truck; long-haul; compressed natural gas powered; West",process
6c1fba5b-f109-3535-8e27-a8634f64b441,"Transport, light commercial truck, gasoline powered, South","Transport, light commercial truck; gasoline powered; South",process
6c043569-96d8-3644-81a7-f19c332e1a49,"Transport, combination truck, long-haul, electricity powered, Alaska","Transport, combination truck; long-haul; electricity powered; Alaska",process
6be06ac1-f467-3a81-ba7f-ce7c89544ffb,"Transport, single unit truck, short-haul, compressed natural gas powered, Southeast","Transport, single unit truck; short-haul; compressed natural gas powered; Southeast",process
6a7f6ad7-02b8-3d41-a800-1cad098783c5,"Transport, combination truck, short-haul, diesel powered, Northwest","Transport, combination truck; short-haul; diesel powered; Northwest",process
6a01cdd9-09e7-32e8-b32f-2e85b8cd1590,"Transport, single unit truck, long-haul, diesel powered, Central","Transport, single unit truck; long-haul; diesel powered; Central",process
67759511-8607-395d-8d34-8636b1e47754,"Transport, combination truck, long-haul, diesel powered, Alaska","Transport, combination truck; long-haul; diesel powered; Alaska",process
654da175-b520-3fa5-9efd-3fa7e72c7591,"Transport, combination truck, long-haul, electricity powered, Northeast","Transport, combination truck; long-haul; electricity powered; Northeast",process
64c8073f-1a19-3022-a9f2-a3ebfa074d9c,"Transport, combination truck, compressed natural gas powered, Northwest","Transport, combination truck; compressed natural gas powered; Northwest",process
64029786-e754-3c97-a4c3-c73b60f77f58,"Transport, combination truck, long-haul, compressed natural gas powered, Southeast","Transport, combination truck; long-haul; compressed natural gas powered; Southeast",process
63c20ec0-b164-33d8-8e3e-ed6959b7e25f,"Transport, single unit truck, short-haul, electricity powered, Southeast","Transport, single unit truck; short-haul; electricity powered; Southeast",process
622e5265-a4dd-3727-b8d9-26e905f1666b,"Transport, combination truck, electricity powered, Southeast","Transport, combination truck; electricity powered; Southeast",process
61f86f6a-63bd-3e94-ba1b-317849b03e46,"Transport, light commercial truck, diesel powered, Northeast","Transport, light commercial truck; diesel powered; Northeast",process
614fa641-e1a1-337b-8ed3-8812880a1656,"Transport, combination truck, short-haul, gasoline powered, Hawaii","Transport, combination truck; short-haul; gasoline powered; Hawaii",process
610e0b54-fd24-3153-965b-7f41e3867b24,"Transport, single unit truck, electricity powered, Central","Transport, single unit truck; electricity powered; Central",process
60785dad-585a-3fe9-ae8e-507f0cbc7f6f,"Transport, combination truck, short-haul, gasoline powered","Transport, combination truck; short-haul; gasoline powered",process
60157c4b-2824-34d2-9c23-291728d3b01e,"Transport, combination truck, short-haul, diesel powered, Central","Transport, combination truck; short-haul; diesel powered; Central",process
5faf03a2-ab55-3768-a625-4c2a246a9a4d,"Transport, single unit truck, long-haul, gasoline powered, West","Transport, single unit truck; long-haul; gasoline powered; West",process
5f16c25b-5e51-372f-83db-cfc97c530914,"Transport, combination truck, compressed natural gas powered, West North Central","Transport, combination truck; compressed natural gas powered; West North Central",process
5efab4fc-4754-31a7-aa68-d8f8b81d0d63,"Transport, single unit truck, short-haul, electricity powered, West","Transport, single unit truck; short-haul; electricity powered; West",process
5e69a6de-781d-31e7-9892-123562ee2f32,"Transport, single unit truck, short-haul, compressed natural gas powered, Northeast","Transport, single unit truck; short-haul; compressed natural gas powered; Northeast",process
5c8a1525-9788-373b-9c4a-e26ba39f2442,"Transport, combination truck, short-haul, diesel powered, Southwest","Transport, combination truck; short-haul; diesel powered; Southwest",process
5bda8bab-98d7-3964-929a-d1e7f2c0327c,"Transport, combination truck, diesel powered, Southeast","Transport, combination truck; diesel powered; Southeast",process
5ba3337a-ae67-328a-8b7e-7f1d9a4d1837,"Transport, single unit truck, gasoline powered, Northeast","Transport, single unit truck; gasoline powered; Northeast",process
5959c0b4-b071-3549-8596-25757731c2ba,"Transport, combination truck, diesel powered, Northeast","Transport, combination truck; diesel powered; Northeast",process
5930e0ca-21e1-37ed-9f2c-ead2c9292d6c,"Transport, single unit truck, short-haul, compressed natural gas powered, South","Transport, single unit truck; short-haul; compressed natural gas powered; South",process
58f347f3-07e0-39c4-bfeb-c5622795bab6,"Transport, combination truck, short-haul, gasoline powered, West North Central","Transport, combination truck; short-haul; gasoline powered; West North Central",process
58d35077-c5ba-309f-8a43-0755518cb0ec,"Transport, combination truck, gasoline powered, Alaska","Transport, combination truck; gasoline powered; Alaska",process
584e72ac-e367-37c9-8fb9-12ceb749b4b9,"Transport, light commercial truck, electricity powered, South","Transport, light commercial truck; electricity powered; South",process
54f1da31-7d12-318e-addc-5fe7b26ff415,"Transport, combination truck, diesel powered, Northwest","Transport, combination truck; diesel powered; Northwest",process
54784ec6-fabb-3fcc-bea2-c8bce7c1c335,"Transport, light commercial truck, E85 powered, East North Central","Transport, light commercial truck; E85 powered; East North Central",process
544f8909-5dd2-35e8-b383-c10fd32d81ea,"Transport, combination truck, short-haul, gasoline powered, Southeast","Transport, combination truck; short-haul; gasoline powered; Southeast",process
522333ad-19c6-3748-8f8b-d3e1f59c92bc,"Transport, combination truck, gasoline powered, Southeast","Transport, combination truck; gasoline powered; Southeast",process
4ed578f2-dc76-39ab-bfdd-71a0109aecdc,"Transport, light commercial truck, electricity powered, Southwest","Transport, light commercial truck; electricity powered; Southwest",process
4eac9ff3-bfe7-3441-8ed9-b2253e4c9ef5,"Transport, light commercial truck, E85 powered, Central","Transport, light commercial truck; E85 powered; Central",process
4c637477-f7a3-35b8-8e07-53f64c5eadf8,"Transport, combination truck, diesel powered, Central","Transport, combination truck; diesel powered; Central",process
4bf31707-0a50-3cd8-8e87-0887e4ba8a86,"Transport, single unit truck, short-haul, compressed natural gas powered, West","Transport, single unit truck; short-haul; compressed natural gas powered; West",process
4b69ede6-bc6f-3897-81eb-9bf156b2fd4b,"Transport, single unit truck, electricity powered","Transport, single unit truck; electricity powered",process
4b138f69-86f6-3c38-a343-35449faffe49,"Transport, single unit truck, gasoline powered, West North Central","Transport, single unit truck; gasoline powered; West North Central",process
4ab1ad08-f644-3b59-a327-c19846c4e997,"Transport, single unit truck, electricity powered, West North Central","Transport, single unit truck; electricity powered; West North Central",process
49ecf1ea-a971-3332-9c6a-9f8d1153d62e,"Transport, single unit truck, long-haul, gasoline powered, Southwest","Transport, single unit truck; long-haul; gasoline powered; Southwest",process
498ab4cc-9aaf-3db0-8a99-12fc691efcd1,"Transport, single unit truck, diesel powered, Northeast","Transport, single unit truck; diesel powered; Northeast",process
497c5ac2-d3e3-3c98-b3dc-46b9e01a384c,"Transport, single unit truck, diesel powered, South","Transport, single unit truck; diesel powered; South",process
489c875b-7e8d-3cd7-a9ef-82f71a8bdb69,"Transport, light commercial truck, gasoline powered, Hawaii","Transport, light commercial truck; gasoline powered; Hawaii",process
47a2f5b9-2ac3-3634-99a3-1c91b3575843,"Transport, combination truck, long-haul, compressed natural gas powered, Northwest","Transport, combination truck; long-haul; compressed natural gas powered; Northwest",process
463d05c9-8c19-3030-8b9f-380c098f5116,"Transport, combination truck, gasoline powered","Transport, combination truck; gasoline powered",process
46006dd8-bd9c-3670-8853-02bc888aeb3d,"Transport, light commercial truck, E85 powered, Alaska","Transport, light commercial truck; E85 powered; Alaska",process
45fb1ede-00f7-3297-9766-a0aba77c4024,"Transport, light commercial truck, electricity powered, Southeast","Transport, light commercial truck; electricity powered; Southeast",process
45b70b50-20a0-341b-8e2f-c196974d1541,"Transport, single unit truck, diesel powered","Transport, single unit truck; diesel powered",process
44e83e53-58b1-31e6-a947-caa9a4335961,"Transport, combination truck, long-haul, electricity powered, East North Central","Transport, combination truck; long-haul; electricity powered; East North Central",process
44757f0f-dde7-3b14-a8ac-a017ee01808e,"Transport, single unit truck, short-haul, diesel powered, Southeast","Transport, single unit truck; short-haul; diesel powered; Southeast",process
43f4d42a-0145-309d-bd89-0abfffadf4e8,"Transport, combination truck, gasoline powered, Hawaii","Transport, combination truck; gasoline powered; Hawaii",process
43ec3512-f8e1-3fba-84ea-5db46f154cd4,"Transport, single unit truck, long-haul, gasoline powered, Southeast","Transport, single unit truck; long-haul; gasoline powered; Southeast",process
42ed7acb-0b02-3f2a-aead-6b5a3b9bc8a9,"Transport, single unit truck, compressed natural gas powered, Hawaii","Transport, single unit truck; compressed natural gas powered; Hawaii",process
428e0fa8-88bc-3c04-b793-179db3a02f66,"Transport, single unit truck, long-haul, gasoline powered, East North Central","Transport, single unit truck; long-haul; gasoline powered; East North Central",process
41dc4819-351b-3ed6-bf7f-62efb7e41a88,"Transport, single unit truck, diesel powered, West North Central","Transport, single unit truck; diesel powered; West North Central",process
3fdb5887-dd2d-343b-8365-81625c88e2d1,"Transport, single unit truck, long-haul, electricity powered, East North Central","Transport, single unit truck; long-haul; electricity powered; East North Central",process
3f67aa9a-8e22-3928-8bf5-b169baa0528f,"Transport, combination truck, long-haul, compressed natural gas powered, Hawaii","Transport, combination truck; long-haul; compressed natural gas powered; Hawaii",process
3e52e325-3d79-37a6-8c3b-7d66b205e3cf,"Transport, combination truck, short-haul, compressed natural gas powered, Southeast","Transport, combination truck; short-haul; compressed natural gas powered; Southeast",process
3c16eddd-fb1b-3e27-b3aa-837a59863b11,"Transport, combination truck, gasoline powered, South","Transport, combination truck; gasoline powered; South",process
3aa4fa75-15ca-38d5-aa15-fe8e2675780c,"Transport, single unit truck, gasoline powered, Northwest","Transport, single unit truck; gasoline powered; Northwest",process
3892f258-a96b-395b-8d4e-7ff853ebb700,"Transport, combination truck, long-haul, compressed natural gas powered, West North Central","Transport, combination truck; long-haul; compressed natural gas powered; West North Central",process
3887c923-10ac-3903-90b6-15a51889c53b,"Transport, combination truck, long-haul, compressed natural gas powered, West","Transport, combination truck; long-haul; compressed natural gas powered; West",process
381c0eb6-aa6b-3c7f-9c0c-75b0ddc70fd8,"Transport, combination truck, short-haul, electricity powered, Central","Transport, combination truck; short-haul; electricity powered; Central",process
37bc3b3d-32db-328b-9442-737919bb813f,"Transport, single unit truck, long-haul, compressed natural gas powered, West North Central","Transport, single unit truck; long-haul; compressed natural gas powered; West North Central",process
3631420d-233a-3cfe-a093-5a0b09ec9e5e,"Transport, combination truck, gasoline powered, Southwest","Transport, combination truck; gasoline powered; Southwest",process
345cbd68-3b1b-3c19-b27c-91e9d9851c0c,"Transport, single unit truck, electricity powered, Northeast","Transport, single unit truck; electricity powered; Northeast",process
34156f3c-28ef-33db-9ad0-6293a2aa0d52,"Transport, combination truck, diesel powered","Transport, combination truck; diesel powered",process
32f675d4-b1c1-3d61-8fb2-5e4181c932fe,"Transport, combination truck, diesel powered, South","Transport, combination truck; diesel powered; South",process
3286f1e2-d87d-3ce6-8f19-406ffc88af07,"Transport, single unit truck, short-haul, electricity powered, Hawaii","Transport, single unit truck; short-haul; electricity powered; Hawaii",process
30fcb6c2-cb44-342f-8ce3-a7e3a2358bdc,"Transport, single unit truck, diesel powered, Alaska","Transport, single unit truck; diesel powered; Alaska",process
2f115eab-83cd-3f13-89bc-acd5c80f8642,"Transport, single unit truck, long-haul, gasoline powered, Northeast","Transport, single unit truck; long-haul; gasoline powered; Northeast",process
2eb3f900-1329-34d7-8378-a685177338b7,"Transport, single unit truck, short-haul, compressed natural gas powered, Southwest","Transport, single unit truck; short-haul; compressed natural gas powered; Southwest",process
2b3fcaef-9b14-3a05-9208-ef23cf7ebdea,"Transport, combination truck, long-haul, diesel powered, Northeast","Transport, combination truck; long-haul; diesel powered; Northeast",process
2afa4806-2633-3beb-8842-13326d66ed0a,"Transport, single unit truck, long-haul, diesel powered, West North Central","Transport, single unit truck; long-haul; diesel powered; West North Central",process
299736d6-0d55-3842-b25e-aaeff1f1be28,"Transport, light commercial truck, E85 powered, Northwest","Transport, light commercial truck; E85 powered; Northwest",process
2962a2fb-4a99-3f77-b999-629bef8eb124,"Transport, single unit truck, short-haul, diesel powered, Northeast","Transport, single unit truck; short-haul; diesel powered; Northeast",process
2901993d-1852-3184-897e-5a30203714e8,"Transport, light commercial truck, gasoline powered, East North Central","Transport, light commercial truck; gasoline powered; East North Central",process
2711233c-17bb-37cd-b330-58118351e726,"Transport, combination truck, long-haul, electricity powered, Southeast","Transport, combination truck; long-haul; electricity powered; Southeast",process
236e954e-0405-3aee-be13-c6ad01322a06,"Transport, single unit truck, short-haul, compressed natural gas powered, Alaska","Transport, single unit truck; short-haul; compressed natural gas powered; Alaska",process
22d74d98-9339-36a9-b5af-5d91a54f9b00,"Transport, single unit truck, gasoline powered, Southwest","Transport, single unit truck; gasoline powered; Southwest",process
21c927a3-8144-3c8f-aff0-c3821ca21298,"Transport, combination truck, long-haul, electricity powered, West","Transport, combination truck; long-haul; electricity powered; West",process
208689c1-63e5-31da-ada3-655d737f6d15,"Transport, light commercial truck, electricity powered, Central","Transport, light commercial truck; electricity powered; Central",process
2036751b-b50e-3bbd-8106-6744c4149453,"Transport, single unit truck, long-haul, diesel powered, Southwest","Transport, single unit truck; long-haul; diesel powered; Southwest",process
1ff386a3-2d0c-3a73-97b1-cf3c6fa10d2c,"Transport, single unit truck, long-haul, diesel powered, Northeast","Transport, single unit truck; long-haul; diesel powered; Northeast",process
1fc01f75-1abe-356c-81d1-3a8758c150e0,"Transport, single unit truck, short-haul, compressed natural gas powered, West North Central","Transport, single unit truck; short-haul; compressed natural gas powered; West North Central",process
1eee817f-45fe-3144-90d5-ddd7d0ae7939,"Transport, combination truck, short-haul, compressed natural gas powered, Alaska","Transport, combination truck; short-haul; compressed natural gas powered; Alaska",process
1cb962d8-c4ea-39cf-be3f-9062109feb1d,"Transport, single unit truck, short-haul, diesel powered, Central","Transport, single unit truck; short-haul; diesel powered; Central",process
1b8aeea1-53ae-3834-8162-4dd62dd2eefc,"Transport, single unit truck, short-haul, gasoline powered, West North Central","Transport, single unit truck; short-haul; gasoline powered; West North Central",process
1b6a6391-2477-3898-8b92-e6621739797a,"Transport, single unit truck, long-haul, diesel powered, East North Central","Transport, single unit truck; long-haul; diesel powered; East North Central",process
18879d9d-a1bc-308f-b078-f66d5a738758,"Transport, single unit truck, diesel powered, West","Transport, single unit truck; diesel powered; West",process
17d2f2a1-ef2f-3368-a501-fbd4979c3c3a,"Transport, light commercial truck, electricity powered, West North Central","Transport, light commercial truck; electricity powered; West North Central",process
17b1790d-9a4f-329c-8feb-20aad7a41bb3,"Transport, single unit truck, short-haul, gasoline powered, Southwest","Transport, single unit truck; short-haul; gasoline powered; Southwest",process
17873317-3d74-3ebb-809e-d080b87d5a09,"Transport, light commercial truck, E85 powered","Transport, light commercial truck; E85 powered",process
1728bfb7-f37e-3c33-a360-e1aed7ad91cc,"Transport, combination truck, compressed natural gas powered, West","Transport, combination truck; compressed natural gas powered; West",process
16c70e02-29b3-3bec-9b39-b09415d02281,"Transport, single unit truck, short-haul, diesel powered, Southwest","Transport, single unit truck; short-haul; diesel powered; Southwest",process
1639dd55-400f-334f-af48-f8236eaef45e,"Transport, single unit truck, gasoline powered, East North Central","Transport, single unit truck; gasoline powered; East North Central",process
15893aef-a669-3f54-ab00-55f4ae6a842b,"Transport, light commercial truck, E85 powered, Northeast","Transport, light commercial truck; E85 powered; Northeast",process
152b86c1-c318-3027-baf7-863ea194b59f,"Transport, single unit truck, short-haul, gasoline powered, East North Central","Transport, single unit truck; short-haul; gasoline powered; East North Central",process
13fa7cd1-3ccd-3b21-8b38-2ab4a7b95cd8,"Transport, single unit truck, electricity powered, Southwest","Transport, single unit truck; electricity powered; Southwest",process
103e5c10-96c9-3a1f-bf8b-7054873ee7ec,"Transport, single unit truck, short-haul, electricity powered, Northeast","Transport, single unit truck; short-haul; electricity powered; Northeast",process
103485be-194e-395a-a504-7d3f3bc7a7b3,"Transport, combination truck, electricity powered, Alaska","Transport, combination truck; electricity powered; Alaska",process
0ee63a7f-7646-3daa-b359-4116bd9f2929,"Transport, single unit truck, short-haul, gasoline powered, Alaska","Transport, single unit truck; short-haul; gasoline powered; Alaska",process
0ec0a537-945a-3336-b174-f4074201483e,"Transport, single unit truck, short-haul, electricity powered, Northwest","Transport, single unit truck; short-haul; electricity powered; Northwest",process
0e9b8277-83e7-3961-a7bb-ceda124189a9,"Transport, single unit truck, long-haul, gasoline powered, Hawaii","Transport, single unit truck; long-haul; gasoline powered; Hawaii",process
0d8e9e8d-f3a7-3781-af23-306523811c4a,"Transport, single unit truck, electricity powered, Alaska","Transport, single unit truck; electricity powered; Alaska",process
0c00fec3-3286-3ceb-98ef-36fa7411ba2f,"Transport, single unit truck, long-haul, electricity powered, Southwest","Transport, single unit truck; long-haul; electricity powered; Southwest",process
0a09c686-8aee-31dc-b8d9-33dcd61a7dfe,"Transport, combination truck, electricity powered, West North Central","Transport, combination truck; electricity powered; West North Central",process
08fe00bb-6180-36d8-95c3-74972c809fff,"Transport, single unit truck, electricity powered, Hawaii","Transport, single unit truck; electricity powered; Hawaii",process
0862a9d5-7ba3-33f1-8d88-d80ca1d98e5f,"Transport, single unit truck, compressed natural gas powered, Southeast","Transport, single unit truck; compressed natural gas powered; Southeast",process
083dc6b7-fd49-3db9-89bb-7dce3a052fcc,"Transport, combination truck, gasoline powered, Central","Transport, combination truck; gasoline powered; Central",process
08376114-0ea1-32d1-a3ab-f2cca7c71f31,"Transport, combination truck, short-haul, gasoline powered, Northwest","Transport, combination truck; short-haul; gasoline powered; Northwest",process
06d76688-f853-3631-b003-f1f125d082d3,"Transport, single unit truck, electricity powered, Northwest","Transport, single unit truck; electricity powered; Northwest",process
0677a98b-6f90-3e7e-acf5-3835639c7d41,"Transport, combination truck, compressed natural gas powered, East North Central","Transport, combination truck; compressed natural gas powered; East North Central",process
06104859-7967-3179-a4dd-3812b8912eb1,"Transport, single unit truck, compressed natural gas powered, Central","Transport, single unit truck; compressed natural gas powered; Central",process
05225f4c-0974-37f3-ad7d-8fc98840f786,"Transport, combination truck, short-haul, electricity powered, Northwest","Transport, combination truck; short-haul; electricity powered; Northwest",process
03b089f7-2073-3c62-9959-8a1949ae1c17,"Transport, light commercial truck, electricity powered, East North Central","Transport, light commercial truck; electricity powered; East North Central",process
0327b5eb-5bfe-3a79-bdb5-39b9fb42b514,"Transport, combination truck, short-haul, electricity powered, East North Central","Transport, combination truck; short-haul; electricity powered; East North Central",process
00e711cb-ea71-3b0a-8dbb-2b7e9bd58c9e,"Transport, single unit truck, long-haul, compressed natural gas powered, Alaska","Transport, single unit truck; long-haul; compressed natural gas powered; Alaska",process
eaff3c91-b8ce-38a1-a3ba-1fe0c9d4041c,"Transport, barge, residual fuel oil powered","Transport, barge; residual fuel oil powered",process
c2300fc3-5496-3d12-9135-67dc0ef740c9,"Transport, barge, diesel powered","Transport, barge; diesel powered",process
099c3d09-08a3-3cac-9ffd-0558c12033b9,"Transport, barge, average fuel mix","Transport, barge; average fuel mix",process
f85fcdde-6c6b-3bbb-8efc-de6cb34c9ac7,"Transport, ocean freighter, residual fuel oil powered","Transport, ocean freighter; residual fuel oil powered",process
da0f5501-f4ab-32d1-80b7-b70d143608f6,"Transport, ocean freighter, diesel powered","Transport, ocean freighter; diesel powered",process
1e2429d8-8d91-328f-85c3-18d39bdebfa7,"Transport, ocean freighter, average fuel mix","Transport, ocean freighter; average fuel mix",process
7de9c230-fd0f-3478-be87-f80181132faa,"Transport, rail, freight; diesel powered; tier weighted average","Transport, train; diesel powered",process
61ff7eba-1846-30cb-9840-33939ee0dc26,"Transport, aircraft, freight","Transport, aircraft; freight",process
ebc39b15-309c-48a0-956f-2f57d1fe58b4,"Dispensing of liquefied petroleum gas, at pump","Dispensing of liquefied petroleum gas, LPG; at pump",process
323a15f8-5c89-3deb-aad5-78133e487bef,"Ethanol, 85%, blended, at service station, 2022",Ethanol; 85% blended; at service station,process
08784ac5-11a5-4871-9b9b-ce68b692d13d,"Dispensing of compressed natural gas, at pump","Dispensing of compressed natural gas, CNG; at pump",process
bbf3dc45-a370-405e-8996-7358b7f1841c,"Asphalt binder, 3.5% styrene-butadiene-styrene (SBS), consumption mix, at terminal, from crude oil, 3.5% styrene-butadiene-styrene","Asphalt binder; 3.5% styrene-butadiene-styrene, SBS, consumption mix, from crude oil; at terminal",process
72d5a381-8cae-4e1d-b0a3-26cc43b69867,"Asphalt binder, 8% ground rubber tire (GRT), consumption mix, at terminal, from crude oil, 8% ground rubber tire","Asphalt binder; 8% ground rubber tire, GRT, consumption mix, from crude oil; at terminal",process
28d7d56e-a751-492c-9bb1-08f19ea4ac37,"Asphalt binder, 0.5% polyphosphoric acid (PPA), consumption mix, at terminal, from crude oil, 0.5% polyphosphoric acid","Asphalt binder; 0.5% polyphosphoric acid, PPA, consumption mix, from crude oil; at terminal",process
d7ac2a60-06a2-347b-a761-562e1442844a,"Automotive painting, electrocoating, per vehicle",Automotive painting; electrocoating; per vehicle,process
b096119c-d496-3c65-b3fe-9a65a09187a8,"Automotive painting, pretreatment",Automotive painting; pretreatment,process
ac1515a9-6ed3-347e-8e33-cd870a2de574,"Automotive painting, top coat, per m2",Automotive painting; top coat; per m2,process
65d88b9a-d73a-354d-b9ff-c8503ec42c78,"Automotive painting, electrocoating, per m2",Automotive painting; electrocoating; per m2,process
065d2f03-1ed0-3789-aa2d-651a29287d08,"Automotive painting, top coat, per vehicle",Automotive painting; top coat; per vehicle,process
fea93709-0327-4eb4-b705-aa4db0f55cdf,"Solid oxide electrolysis stack; 150 kW, at plant",Solid oxide electrolysis stack; 150 kW; at plant,process
ba7b5d07-402b-4f76-8f55-2c7d4ce3e6c7,"Proton exchange water electrolysis stack; 1 MW, at plant",Proton exchange water electrolysis stack; 1 MW; at plant,process
d8b4d137-b876-3222-adde-878273b76e81,"Scanner, department, i5200, i5600","Scanner; department; i5200, i5600",process
c8c0b1ab-1547-4c65-b5bc-6c0d57f95a6f,"Scanner, department, S3120 Max, S3140 Max","Scanner; department, S3120 Max, S3140 Max",process
bffb85b7-b962-4237-bfb9-c399415858ee,"Scanner, department, S3060, S3100, S3120","Scanner; department, S3060, S3100, S3120",process
ba9dcf1f-321b-3b4c-a1a9-b2c59dc00366,"Scanner, i710 desktop and i730EX desktop",Scanner; i710 desktop and i730EX desktop,process
9aae3fc2-6ffb-3b49-b3fb-4127483b1156,"Scanner, i940 desktop",Scanner; i940 desktop,process
873e9087-c13b-34fa-859e-c0397d27cb66,"Scanner, desktop, i2900","Scanner; desktop, i2900",process
7d4b3e99-113c-3279-b856-b904eb9295fc,"Scanner, department, i5200v, i5600v","Scanner; department, i5200v, i5600v",process
7bb0a646-ffd2-315b-b8c7-f931492dbed9,"Scanner, department, i3200, i3400","Scanner; department, i3200, i3400",process
6c0996a5-8104-3770-ae44-aba5a65fa3c3,"Packaging, Production Scanners",Packaging; production scanners,process
64268081-0e35-398b-aa66-c9150f3fd3e5,"Scanner, i1150 desktop and i1190 desktop",Scanner; i1150 desktop and i1190 desktop,process
563c9d42-ae65-3751-800a-5e0505265b35,"Scanner, department, i4200, i4600","Scanner; department, i4200, i4600",process
50356d14-b626-4a38-babf-bf5657d08358,"Printer, AltaLink B8045/55 multi-functional device (MFD)",Printer; AltaLink B8045/55 multi-functional device,process
4ebf7eb3-53dc-48a7-863a-1ced3c0d2a4e,"Scanner, department, S2085f, S3100f","Scanner; department, S2085f, S3100f",process
42975a63-8c39-4d46-8b6b-34d9a7174295,"Scanner, desktop, E1025, E1035, S2040, S2050, S2060w, S2070, S2080w","Scanner; desktop, E1025, E1035, S2040, S2050, S2060w, S2070, S2080w",process
426fb3f3-87cb-38a1-b4dd-9da869db0067,"Scanner, department, i5800",Scanner; department; i5800,process
e919c83f-525b-3058-ae29-a85362b1b20e,"Ductile Iron Pipe, 35"" inch diameter; at plant; per linear foot","Ductile iron pipe; 35"" inch diameter; at plant",process
e4d7b23f-d913-32ba-838d-b222d01b20ce,"Ductile Iron Pipe, 12"" inch diameter; at plant; per linear foot","Ductile iron pipe; 12"" inch diameter; at plant",process
d8e8d817-3d15-3d2b-8dd8-3f5b733cd2ad,"Ductile Iron Pipe, 36"" inch diameter; at plant; per linear foot","Ductile iron pipe; 36"" inch diameter; at plant",process
ba17bfb9-b3b1-391f-8635-b9987fb6cabd,"Ductile Iron Pipe, 44"" inch diameter; at plant; per linear foot","Ductile iron pipe; 44"" inch diameter; at plant",process
b6838fda-8ab5-3d0b-9ce2-08d2346a07c5,"Ductile Iron Pipe, 10"" inch diameter; at plant; per linear foot","Ductile iron pipe; 10"" inch diameter; at plant",process
94dc458b-76a8-3589-9557-221c7499e7de,"Ductile Iron Pipe, 20"" inch diameter; at plant; per linear foot","Ductile iron pipe; 20"" inch diameter; at plant",process
78315fca-7132-345f-bdd2-605420eddfeb,"Ductile Iron Pipe,50"" inch diameter; at plant; per linear foot","Ductile iron pipe; 50"" inch diameter; at plant",process
7394ff08-eec4-4f81-8b0f-8880cd071207,"Ductile Iron Pipe, 60"" inch diameter; at plant; per linear foot","Ductile iron pipe; 60"" inch diameter; at plant",process
5e71644e-6793-3cf3-bfcb-50eb45aa4620,"Ductile Iron Pipe, 6"" inch diameter; at plant; per linear foot","Ductile iron pipe; 6"" inch diameter; at plant",process
59fb955e-b52d-3905-8458-82b162d53f28,"Ductile Iron Pipe, 8"" inch diameter; at plant; per linear foot","Ductile iron pipe; 8"" inch diameter; at plant",process
18b8bc59-90da-35be-b01e-f2fefe29c995,"Ductile Iron Pipe, 54"" inch diameter; at plant; per linear foot","Ductile iron pipe; 54"" inch diameter; at plant",process
1784b0f1-5494-3233-904f-8ed4315e029f,"Ductile Iron Pipe, 72"" inch diameter; at plant; per linear foot","Ductile iron pipe; 72"" inch diameter; at plant",process
133b6dfd-8bfe-3b6a-9d67-1ea4796bdecb,"Ductile Iron Pipe, 16"" inch diameter; at plant; per linear foot","Ductile iron pipe; 16"" inch diameter; at plant",process
0b27a86d-d4f0-374d-879b-1a1d608d45f3,"Ductile Iron Pipe, 24"" inch diameter; at plant; per linear foot","Ductile iron pipe; 24"" inch diameter; at plant",process
c493f95f-0143-3c66-b62a-3494133eb337,"Coil, coating, m2, at plant",Coil; coating; at plant,process
41ecdfe1-8026-3373-96c4-ee1921f2525c,"Galvanized steel coil, coated, at plant",Galvanized steel coil; coated; at plant,process
e9c2710d-9752-324a-bb0b-52b683e295b5,"Metal panel, insulated, at plant",Metal panel; insulated; at plant,process
e0aa6dd1-b3ac-30ab-bd56-64f96bfa4a1b,"Steel product, secondary structural, girts and purlins, at plant","Steel product; secondary structural, girts and purlins; at plant",process
ddf82e82-36e7-3c34-b6b6-6b96fd592a82,"Metal composite material (MCM) panel, at plant","Metal composite material, MCM, panel; at plant",process
7ba5512f-6769-3c2f-a676-75d2b860f4f5,"Metal panels, wall, at plant",Metal panels; wall; at plant,process
704d1ff7-6f9e-3f8c-84c3-b8340c3bccad,"Metal panels, roof, at plant",Metal panels; roof; at plant,process
60b5e1ee-3f9c-39e4-ad2f-68cfe3a71956,"Steel product, primary structural, beams and columns, at plant","Steel product; primary structural, beams and columns; at plant",process
08e766d4-ec5f-3426-a0d4-9533e55f9081,"Metal composite material (MCM) sheet, at plant","Metal composite material, mcm, sheet; at plant",process
7fa00b86-ca0f-321a-94a6-c8f68338a7cb,"Cladding, roll formed, at plant",Cladding; roll formed; at plant,process
f61ecd3b-fdba-3739-8051-1d4bb0c2d98e,"Precision sand casting, aluminum",Precision sand casting; aluminum,process
ab2436bc-97db-3154-898e-2c49ca4b698e,"Semi-permanent mold (SPM) casting, aluminum","Semi-permanent mold, SPM, casting; aluminum",process
a8c3ad24-992e-31e0-9e18-fdf0280875df,"Lost foam casting, aluminum",Lost foam casting; aluminum,process
076898a5-e1ce-3c50-9df4-6445fc0bb6aa,"Iron, sand casted",Iron; sand casted,process
7a0942f9-5fe3-3a78-aff1-9399fea7c14b,"Zinc, sheet",Zinc; sheet,process
230e8d51-1f4d-3459-be47-429b0b828add,"Zinc, Special High Grade",Zinc; special high grade,process
f525f32d-e3e4-3434-883d-e4b224a47524,"Aluminum, secondary, ingot, at plant, 1998",Aluminum; secondary ingot; at plant,process
eb50f56e-3104-3eb1-8d18-7add74f841e7,"Aluminum, secondary, extruded","Aluminum; secondary, extruded",process
caefe875-8560-3e7f-a8b7-a002485f75d6,"Anode, at plant",Anode; at plant,process
bcc68f88-debb-3fc3-93ee-5ceadcef0b14,"Aluminum, secondary ingot, at plant",Aluminum; secondary ingot; at plant,process
a9fd0eec-60dd-3506-8a22-6f8715f80f4e,"Aluminum, secondary, shape casted","Aluminum; secondary, shape casted",process
a8eb9a6a-e8e6-3da6-a3ab-20dcf68e883a,"Aluminum ingot, production mix, at plant",Aluminum ingot; production mix; at plant,process
9cc8fafa-e232-3d86-a473-6b5d04431999,"Aluminum, secondary, ingot, from beverage cans, at plant",Aluminum; secondary ingot from beverage cans; at plant,process
99963138-ddf9-3b32-9e93-69593d76cb08,"Aluminum, primary ingot, at plant",Aluminum; primary ingot; at plant,process
91beb684-4d04-38b9-8800-a274762a9d44,"Alumina, at plant",Alumina; at plant,process
77fe2197-8861-3569-8d85-07151789b1e7,"Aluminum, extrusion, at plant",Aluminum; extrusion; at plant,process
4b0fe164-84c7-31e2-a3fc-ff570cd264e1,"Aluminum, primary, smelt, at plant",Aluminum; primary smelt; at plant,process
3f888c9f-35e2-3162-bc14-49700cff888c,"Aluminum, secondary, rolled","Aluminum; secondary, rolled",process
3d53c055-f03b-381f-966e-6d61abbe88a0,"Aluminum, secondary, ingot, from automotive scrap, at plant",Aluminum; secondary ingot from automotive scrap; at plant,process
381d3e3d-29ae-3101-a95b-56a4cec08486,"Aluminum, hot rolling, at plant",Aluminum; hot rolling; at plant,process
2b196386-eb1a-352a-aeda-4d003144f6df,"Aluminum, cold rolling, at plant",Aluminum; cold rolling; at plant,process
21aeedbf-933a-3570-8b9e-a44dc6fa6637,"Aluminum, primary, ingot, at plant, 1998",Aluminum; primary ingot; at plant,process
0f02f4bf-055b-35ff-ac40-1a21be06165f,"Aluminum, sheet, coated, at plant",Aluminum; sheet coated; at plant,process
2250f2f2-7faa-3307-9534-ca78b371b4dd,"Steel, cold-formed studs and track, at plant",Steel; cold-formed studs and track; at plant,process
fb97ca58-8d24-3147-b08f-7788b67ab151,"Metallurgical coke, at plant",Metallurgical coke; at plant,process
f2ddc783-1192-43c8-aa84-938af62d8328,"Steel; plate, at plant",Steel; plate; at plant,process
dcfd311d-d8be-4c39-bd16-a5bd0dd9eec8,"Steel; hot-dip galvanised coil, at plant",Steel; hot-dip galvanised coil; at plant,process
cc886340-1e9e-40fc-8bae-87ea661f00c7,"Steel; cold rolled coil, at plant",Steel; cold rolled coil; at plant,process
ac54bc7d-5db5-3b4f-9175-5dd02f678312,"Steel, billets, at plant",Steel; billets; at plant,process
a591c53f-ce67-41da-b0c1-65b6d91a1a43,"Steel; hot rolled coil, at plant",Steel; hot rolled coil; at plant,process
88b44b36-2322-39a8-9c54-6b89b1b43cd4,"Iron and steel, production mix",Iron and steel; production mix,process
8560388b-7ea1-38b7-befc-fd25d5deb450,"Steel, stainless 304, quarto plate",Steel; stainless 304; quarto plate,process
5f23939e-be70-364e-95c2-baef329a95fe,"Steel, liquid, at plant",Steel; liquid; at plant,process
49f5324b-fc33-36e9-b5af-3c80d73492bd,"Steel, stainless 304, flat rolled coil",Steel; stainless 304; flat rolled coil,process
34897ebd-aa3d-347c-91ee-876c3f835fdb,"Steel, stainless 304, scrap",Steel; stainless 304; scrap,process
1b8709a5-5df4-4c52-85e4-dd6e7ed8deba,"Steel; sections, at plant",Steel; sections; at plant,process
137b2f94-e29e-4870-a2c2-20dafd441f1d,"Steel; pickled hot rolled coil, at plant",Steel; pickled hot rolled coil; at plant,process
2d50471f-ae3a-337b-9e53-6ff319e39b55,"E-glass, at plant",E-glass; at plant,process
d48fa04d-9401-3158-9ad1-8f37b902e397,"Calcium carbonate, ground, 30 micron, at plant",Calcium carbonate; ground; at plant; 30 micron,process
cdd860f4-48a6-3436-b86d-04424f8ee9d2,"Calcium carbonate, ground, 20 micron, at plant",Calcium carbonate; ground; at plant; 20 micron,process
a477d05f-35a7-399e-9128-d2b4ce8265d6,"Gypsum wallboard product, type X, 0.625 inch (15.875 mm)","Gypsum wallboard product; type X; 0.625 inch, 15.875 mm",process
9c0c2415-126f-3162-8479-f002f315a8c7,"Quicklime, at plant",Quicklime; at plant,process
85b81e30-2422-36fc-8144-1459b1b993b2,"Gypsum wallboard product, regular, 0.5 inch (12.7 mm)","Gypsum wallboard product; regular; 0.5 inch, 12.7 mm",process
48be22f1-e30c-3e4a-8832-a9c5ed32350b,"Calcium carbonate, ground, fine slurry, 3 micron, at plant","Calcium carbonate; ground, fine slurry; at plant; 3 micron",process
34487c89-62dd-3d4e-98dd-06f0c382cc17,"Calcium carbonate, ground, fine treated, 3 micron, at plant",Calcium carbonate; ground fine treated; at plant; 3 micron,process
247aa74a-8368-37b1-a090-96a1428ef30f,"Calcium carbonate, ground, screened grade, at plant","Calcium carbonate; ground, screened grade; at plant",process
c90c7691-78a0-3457-8bc5-122d05b49c38,"Concrete Pipe, 54"" inch diameter; at plant; per linear foot","Concrete pipe; 54"" inch diameter; at plant",process
c3aa19a5-68de-30df-8e6a-150e62f4e25f,"Concrete Pipe, 6"" inch diameter; at plant; per linear foot","Concrete pipe; 6"" inch diameter; at plant",process
c2bd01a2-0644-358b-8104-7812fb30ed8d,"Concrete Pipe, 84"" inch diameter; at plant; per linear foot","Concrete pipe; 84"" inch diameter; at plant",process
951c8e45-9267-36fc-873b-9af0718574e4,"Concrete Pipe, 78"" inch diameter; at plant; per linear foot","Concrete pipe; 78"" inch diameter; at plant",process
75c2d103-d0c7-36ed-80c6-36c2a16f77fa,"Concrete Pipe, 8"" inch diameter; at plant; per linear foot","Concrete pipe; 8"" inch diameter; at plant",process
62993671-574c-3fc5-b66a-6be3bb21ad3d,"Portland cement, at plant",Portland cement; at plant,process
4e590e0c-3773-3db7-9515-728fde75ab55,"Concrete Pipe, 60"" inch diameter; at plant; per linear foot","Concrete pipe; 60"" inch diameter; at plant",process
4435ce44-a5bc-331a-bd40-5c60994d8d85,"Concrete Pipe, 72"" inch diameter; at plant; per linear foot","Concrete pipe; 72"" inch diameter; at plant",process
43ad0362-1490-36bd-a23b-65a6bd1c82fd,"Concrete Pipe, 12"" inch diameter; at plant; per linear foot","Concrete pipe; 12"" inch diameter; at plant",process
3efbebec-e0c2-3136-855a-b278f31d3306,"Concrete Pipe, 50"" inch diameter; at plant; per linear foot","Concrete pipe; 50"" inch diameter; at plant",process
2013d3cd-dd12-316f-aac9-4983529b083c,"Concrete Pipe, 36"" inch diameter; at plant; per linear foot","Concrete pipe; 36"" inch diameter; at plant",process
ddb25171-80c6-3e14-879b-4371febbc0ad,"Open molding, rigid composites part, at plant",Open molding; rigid composites part; at plant,process
d91ee594-22ae-390a-93ed-1f6b7be34714,"Single-ply, white, polyester reinforced PVC roofing membrane, 60 mils - 1.524 mm","Single-ply white polyester reinforced PVC roofing membrane; 60 mils, 1.524 mm",process
d5b7de33-7b2e-3807-9790-76a0254cc6bf,"Single-ply, white, polyester reinforced PVC roofing membrane, 80 mils - 2.032 mm","Single-ply white polyester reinforced PVC roofing membrane; 80 mils, 2.032 mm",process
ab334aaf-bfe1-3785-91c5-3de1dc34c01b,"Compression molding, rigid composites part, at plant",Compression molding; rigid composites part; at plant,process
9fe670f2-0846-377e-8b15-db170d54ac32,"Injection molding, rigid LLDPE part, at plant",Injection molding; rigid LLDPE part; at plant,process
89a2b59a-1ca2-34f5-acc8-a8eaaa6fa870,"Injection molding, rigid polypropylene part, at plant",Injection molding; rigid polypropylene part; at plant,process
73b0cd92-2167-3036-b1bc-df05a09828fc,"Open mold casting, rigid composites part, at plant",Open mold casting; rigid composites part; at plant,process
66691548-5be9-3c87-bf87-2f38136bc7bf,"EPS insulation board, at plant",EPS insulation board; at plant,process
662f589e-3363-3b4d-92a4-c98f68bc3339,"Single-ply, white, polyester reinforced PVC roofing membrane, 48 mils - 1.219 mm","Single-ply white polyester reinforced PVC roofing membrane; 48 mils, 1.219 mm",process
3614b7fc-8ce3-396c-a092-cce24460b44f,"Single-ply, white, polyester reinforced PVC roofing membrane, 40 mils - 1.016 mm","Single-ply white polyester reinforced PVC roofing membrane; 40 mils, 1.016 mm",process
26f39b7c-389c-4903-8f09-6ef5e95876cc,"Stretch film, linear low density polyethylene; at plant","Stretch film, linear low density polyethylene, LLDPE; at plant",process
21ca86bd-890c-3ede-a79c-09e42f9b9ca2,"Secondary bonding application, rigid composites part, at plant",Secondary bonding application; rigid composites part; at plant,process
18c37a18-0ddd-3944-b9b1-458410215233,"Thermoforming, rigid polypropylene part, at plant",Thermoforming; rigid polypropylene part; at plant,process
01152bc2-5e31-3b8c-a40f-42289905c771,"Vacuum infusion, rigid composites part, at plant",Vacuum infusion; rigid composites part; at plant,process
f7b7280d-f372-3a4b-86cf-caa588ca67ea,Recycled postconsumer polyethylene terephthalate (PET) flake; at plant,"Recycled postconsumer polyethylene terephthalate, PET, flake; at plant",process
b15aa6b2-a8be-3afc-a149-0a1a13facb12,Recycled postconsumer high-density polyethylene (HDPE) pellet; at plant,"Recycled postconsumer high-density polyethylene, HDPE, pellet; at plant",process
22ebc7fb-f03f-37dc-be57-b73d2c577414,Recycled postconsumer polyethylene terephthalate (PET) pellet; at plant,"Recycled postconsumer polyethylene terephthalate, PET, pellet; at plant",process
185648c2-334e-419c-bf16-bb95e258f6bb,Recycled postconsumer polypropylene (PP) pellet; at plant,"Recycled postconsumer polypropylene, PP, pellet; at plant",process
17664c37-72c0-4813-a4b9-93f962962c63,Recycled postconsumer high-density polyethylene (HDPE) flake; at plant,"Recycled postconsumer high-density polyethylene, HDPE, flake; at plant",process
a9114429-6fce-3296-b5d3-f0163e3fd76f,"Glycerine, at plant",Glycerine; at plant,process
dacaeae9-aeed-3366-912d-6a31de09eef9,"Nitrogen fertilizer, production mix, at plant",Nitrogen fertilizer; production mix; at plant,process
33f08f48-349e-31f1-b600-aa7e9713ca50,"Ammonia, steam reforming, liquid, at plant","Ammonia; steam reforming, liquid; at plant",process
1654c887-0b9c-3434-b9c1-371e3adb3dde,"Phosphorous fertilizer, production mix, at plant",Phosphorous fertilizer; production mix; at plant,process
ff8209b1-8045-33a2-97fa-10176c57b0bd,Styrene-butadiene-styrene (SBS) block copolymer; average consumption mix; at plant,"Styrene-butadiene-styrene, SBS, block copolymer; average consumption mix; at plant",process
fa60e60f-73f0-3e20-bb3a-073e4a9469cc,"Polybutadiene, butadiene rubber; at plant",Polybutadiene; butadiene rubber; at plant,process
e281027f-cf37-32f2-af55-234cb0cb4fa4,"Polylactide, PLA, biopolymer resin, at plant","Polylactide, PLA; biopolymer resin; at plant",process
d65a4cea-4732-3b43-b305-a876438bfe51,"Soy-based resin, at plant",Soy-based resin; at plant,process
d1c572b0-c244-3193-81fb-3a64bfb13e4d,"Polystyrene, high impact, HIPS, resin; at plant","High impact polystyrene, HIPS; resin; at plant",process
d1bf60a0-272b-3ef0-951c-7febc0546d58,"Methylene diphenyl diisocyanate, MDI; at plant, mass alloc","Methylene diphenyl diisocyanate, MDI; mass alloc; at plant",process
cf1241fd-8c01-3412-9030-8650b8e75669,"Polystyrene, expanded, EPS, virgin resin; batch suspension polymerization; industry average, at plant","Expanded polystyrene, EPS; virgin resin, batch suspension polymerization; at plant",process
cd04cced-a75c-30c6-b05f-1fe6fbefb934,"Phenol formaldehyde resin, neat, 47% solids",Phenol formaldehyde resin; neat; 47% solids,process
ccd72499-f6f6-45d1-856a-e8833f80dec8,"Pultruded product, at plant",Pultruded product; at plant,process
c11f6f12-269d-3c4c-9ab0-6995cd5d8af2,"Melamine urea formaldehyde, MF, resin, at plant","Melamine urea formaldehyde, MF; resin; at plant",process
91c096d9-987d-34c6-90c0-3c672b467086,"Unsaturated polyester, UPR, resin, at plant","Unsaturated polyester, UPR; resin; at plant",process
6f2532e9-d9c0-368e-89a2-0bd48adb4dab,"Toluene diisocyanate, TDI; at plant; mass alloc","Toluene diisocyanate, TDI; mass alloc; at plant",process
6ce2af92-11dd-3e96-8f77-4d215ac13b96,"Melamine urea formaldehyde, MF, resin, neat, 60% solids","Melamine urea formaldehyde, MF; resin, neat; 60% solids",process
6a12cba1-889d-4515-90f8-89feb8d662f2,"Polyethylene, low-density, LDPE, virgin resin, at plant","Low-density polyethylene, LDPE; virgin resin; at plant",process
5b069a14-422d-4fcc-9516-3cece8a8dddd,"Carbon fiber, reinforced polymer; at plant",Carbon fiber; reinforced polymer; at plant,process
4b835425-fd68-337c-8e35-a4ddfb5b628a,"Urea formaldehyde, UF, resin, neat, 65% solids","Urea formaldehyde, UF; resin, neat; 65% solids",process
44a82a4a-95fd-3c31-9829-cf0763dd3a93,"Polyol ether, for flexible foam polyurethane production, at plant",Polyol ether; for flexible foam polyurethane production; at plant,process
401862df-2017-386b-807e-5892047e02be,"Phenol resorcinol formaldehyde resin, at plant",Phenol resorcinol formaldehyde resin; at plant,process
3dbccdda-2014-4239-ad1f-4e15c034942b,"Polyvinyl chloride resin, suspension grade PVC; at plant","Polyvinyl chloride resin, PVC; suspension grade; at plant",process
3a287ab1-de41-3e89-bf5a-be7f3b97281b,"Melamine urea formaldehyde, MF, hardener, at plant","Melamine urea formaldehyde, MF; hardener; at plant",process
37a4ae86-eca4-4264-92d6-549534fb2262,"Toluene diisocyanate, TDI; at plant; mass and elemental alloc","Toluene diisocyanate, TDI; mass and elemental alloc; at plant",process
353b477b-8319-3538-b2a4-c771e17424de,"Phenol resorcinol formaldehyde resin, neat, 60% solids",Phenol resorcinol formaldehyde resin; neat; 60% solids,process
2e8facf6-46aa-4ddb-95de-a4e2a00eb2bb,"Polypropylene, PP, virgin resin, at plant","Polypropylene, PP; virgin resin; at plant",process
2b2f738d-2044-462f-ba56-5112ee683cb6,"Polyethylene terephthalate, PET, virgin resin, at plant","Polyethylene terephthalate, PET; virgin resin; at plant",process
29a4c9a9-eca6-403c-9a88-4e12b6c33933,Styrene-butadiene-styrene (SBS) block copolymer; average consumption mix; at plant,"Styrene-butadiene-styrene, SBS, block copolymer; average consumption mix; at plant",process
2712f03a-80fe-4a2b-9005-ca9ba99f7eb3,"Polyethylene, high density, HDPE, virgin resin, at plant","High density polyethylene, HDPE; virgin resin; at plant",process
1dbafde2-2bc3-405c-9726-4d92fe7d29f9,"Polyethylene, linear low-density, LLDPE, virgin resin, at plant","Linear low-density polyethylene, LLDPE; virgin resin; at plant",process
1d7ac207-310f-3366-8f9c-e951b61d31ce,"Polyol ether, for rigid foam polyurethane production, at plant",Polyol ether; for rigid foam polyurethane production; at plant,process
13821cca-f344-37b9-a367-0467be778061,"Polystyrene, general purpose, GPPS, resin; at plant","General purpose polystyrene, GPPS; resin; at plant",process
0f0458b0-7af8-4194-b2b9-35fe606b1526,"Methylene diphenyl diisocyanate, MDI; at plant, mass and elemental alloc","Methylene diphenyl diisocyanate, MDI; mass and elemental alloc; at plant",process
0e42a306-ee2d-362e-8bc3-580000096459,"Acrylonitrile-butadiene-styrene, ABS, copolymer resin, at plant","Acrylonitrile-butadiene-styrene, ABS; copolymer resin; at plant",process
0d1d9f2b-1295-328a-82a0-1f43b135007b,"Soy-based polyol, at plant",Soy-based polyol; at plant,process
0bb53c29-31b1-3e8c-87ac-a2ef6793f8f2,"Phenol formaldehyde, at plant",Phenol formaldehyde; at plant,process
09f2356f-629a-3305-8411-99967cf4a9b3,"Phenol resorcinol formaldehyde hardener, at plant",Phenol resorcinol formaldehyde hardener; at plant,process
fa3871c0-d563-3300-9ec7-f26aafdabfa5,"Propylene oxide, at plant",Propylene oxide; at plant,process
f179f70b-5b18-4602-9513-18ed79485ac7,"Hydrogen, chlor-alkali average, membrane cell; at plant","Hydrogen; chlor-alkali average, membrane cell; at plant",process
e4a61018-9f98-3049-95c1-33b1acaa904e,"Acetic acid, at plant",Acetic acid; at plant,process
e07beee7-4b4c-350a-bcaf-ec71882bbb69,"Benzene, at plant",Benzene; at plant,process
e0368d96-44a3-3628-8220-e6ae975b0931,"Carbon monoxide, at plant",Carbon monoxide; at plant,process
da8e9d9f-c0e2-3c9b-9d0a-f7e5f1667639,"Ethanol, denatured, at refueling station, 2022",Ethanol; denatured; at refueling station,process
d9cadd89-4203-375a-903a-63197cd29c6a,"Ethanol, denatured, forest residues, thermochem","Ethanol; denatured; forest residues, thermochem",process
d42c11eb-98d2-3cf5-add5-d7c65431bfa3,"Potassium sulphate alum, as K2O, hardboard","Potassium sulphate alum, as K2O; hardboard",process
d32a7e23-c6c0-400a-8134-656a3e13c11f,"Paraxylene, at plant, kg",Paraxylene; at plant,process
a626a6b9-3877-36f5-ac98-f5844b6348dd,"Fuel grade uranium, at regional storage",Fuel grade uranium; at regional storage,process
9fcf5696-e172-42da-a010-e8d577e2bbd7,"Xylenes, mixed, produced from naphtha, at plant, kg","Xylenes; mixed, produced from naphtha; at plant",process
9f8a4892-e27e-4cc5-af91-7bdfd600dee7,"Hydrogen; solid oxide electrolysis, at plant",Hydrogen; solid oxide electrolysis; at plant,process
9ee66dd5-dcc9-3e94-9da3-3a7cc6cddeb3,"Hydrochloric acid, without water, in 30% solution state, at plant ","Hydrochloric acid, HCl; without water, in 30% solution state; at plant",process
8e3e47ea-ed49-329e-8931-29115917bc81,"Ethanol, denatured, corn dry mill","Ethanol; denatured, corn dry mill",process
7aa8e2ff-0e2f-3e6c-b168-ec5168b4be6a,"Ethanol, denatured, wheat straw, biochemical","Ethanol; denatured; wheat straw, biochemical",process
7a2565f8-4a48-3263-9bc9-bcb28dbd58ad,"Oxygen, liquid, at plant",Oxygen; liquid; at plant,process
6b0d74c7-e880-4b93-aa2f-b777ac183f84,"Methanol, at plant, kg",Methanol; at plant,process
64c379de-b24a-36d0-9170-d61d9d9d7278,"Ethanol, 85%, at blending terminal, 2022",Ethanol; 85%; at blending terminal,process
5d274fc8-65f3-3f3a-a583-f12cace7c494,"Butadiene, at plant",Butadiene; at plant,process
5a782377-d196-304c-baec-fea559a4dfe2,"Enzyme, Glucoamylase, Novozyme Spirizyme","Enzyme; glucoamylase, novozyme spirizyme",process
520ecb54-7b55-42ca-97c3-4b8192189356,"Ethylene, materials production, organic compound, at plant, kg",Ethylene; at plant,process
4eaec911-05e8-304e-b7a6-98ce06fc9820,"Hydrogen, liquid, synthesis gas, at plant","Hydrogen; liquid, synthesis gas; at plant",process
49d309a8-0c93-4eeb-a342-2fe2254a0bec,"Propylene, materials production, organic compound, at plant, kg",Propylene; at plant,process
3dd59224-ecba-3fb1-a2c9-9c01947b08b1,"Enzyme, Cellulase, Novozyme Celluclast","Enzyme; cellulase, novozyme celluclast",process
391ccf45-4b61-37e9-a2f2-3e19afc0d4ef,"Enzyme, Alpha-amylase, Novozyme Liquozyme","Enzyme; alpha-amylase, novozyme liquozyme",process
2d57ab6d-6b06-32e6-a44b-8ffcd5d94176,"Toluene, at plant",Toluene; at plant,process
2a78de43-fdf2-4c5f-b527-89db6568ace8,"Ethylene glycol, materials production, organic compound, at plant, kg",Ethylene glycol; at plant,process
1fe9b61c-f684-3584-a5e9-98677caee0f3,"Soy biodiesel, production, at plant",Soy biodiesel; at plant,process
1b6afe73-a064-33a3-87b0-265ae10851e9,"Sulfuric acid, at plant",Sulfuric acid; at plant,process
19b638bc-033c-3812-a020-18eb2ff8e8eb,"Pyrolysis gasoline, at plant",Pyrolysis gasoline; at plant,process
1975f735-687a-39ea-96e7-e890e5a5bb51,"Ethanol, denatured, mixed feedstocks, at conversion facility, 2022",Ethanol; denatured; mixed feedstocks; at conversion facility,process
136cbdd8-ef76-3834-904d-6fce42b2b660,"Ethylene oxide, at plant",Ethylene oxide; at plant,process
0d4adbb3-81bb-45c5-bf26-734c76ff3108,"Hydrochloric acid, HCl; MDI coproduct; at plant, 100% HCl","Hydrochloric acid, HCl; MDI coproduct; at plant; 100% HCl",process
0898854c-e38f-3d23-880f-f8da7d65ca0c,"Ethanol, denatured, switchgrass, biochemical","Ethanol; denatured; switchgrass, biochemical",process
0879167f-989b-3e3b-b9c5-3c07ea0a3f8e,"Ethanol, denatured, corn stover, biochemical","Ethanol; denatured, corn stover, biochemical",process
98d423fc-789a-42d0-b961-18a96bc6491c,"Lubricant feedstock, at refinery",Lubricant feedstock; at refinery,process
874dc726-50f1-300b-958f-9335fd1c53cd,"White mineral oil, at plant",White mineral oil; at plant,process
70d2004a-9f80-48ce-a86c-50e85dd6a637,"Petroleum refined, for material use, at plant",Petroleum refined; for material use; at plant,process
3ca7a144-e2f3-4963-8c63-768cf0853cee,"Petroleum refined, for energy use, at plant",Petroleum refined; for energy use; at plant,process
2c79b9d3-e5f9-34a8-990e-b7d6f9e4dd08,"Slack wax, at plant, US SE",Slack wax; at plant,process
0aaf1e13-5d80-37f9-b7bb-81a6b8965c71,"Petroleum refining, at refinery",Petroleum refining; at refinery,process
9c10be0f-e38e-4551-b8b5-eef65fa27dcc,"Corrugated product, 100% recycled, at mill",Corrugated product; 100% recycled; at mill,process
726dea3f-ddee-3b80-89d9-a86dc464308d,"Scanner, packaging and information sheets",Scanner; packaging and information sheets,process
226ed3c2-e020-4c95-b1fc-4559fc2d18ac,"Corrugated product, average production, at mill",Corrugated product; average production; at mill,process
1296738e-d64f-3837-a793-bc33f491e292,"Packaging and information sheets, i2900 desktop scanner",Packaging and information sheets; i2900 desktop scanner,process
f9cf891e-fd8c-304c-9707-4a7e390b9e75,"Paper, bag and sack, unbleached kraft, average production, at mill",Paper bag and sack; unbleached kraft; at mill,process
d549cd32-3e84-327e-86e8-452772ff7c56,"LPG, combusted in industrial boiler, at pulp and paper mill (EXCL.)",LPG; combusted in industrial boiler; at pulp and paper mill,process
cbf4023b-71f7-36b7-8c45-ea43bc2f108c,"Pulp, kraft market, bleached, average production, at mill","Pulp; kraft market, bleached; at mill",process
c245a252-0860-41d2-9789-802bab7984ab,"Containerboard, average production, at mill",Containerboard; at mill,process
b6884185-30b8-391a-9dff-dbded4429a66,"Hog fuel, pur., combusted in industrial boiler, at pulp and paper mill (EXCL.)",Hog fuel; purified combusted in industrial boiler; at pulp and paper mill,process
a515132e-c816-34ea-9773-d56c11dc1cb0,"TDF, combusted in industrial boiler, at pulp and paper mill (EXCL.)",TDF; combusted in industrial boiler; at pulp and paper mill,process
a336a2a7-c6a8-38a5-81e3-2709095fd85f,"Fuels, burned at uncoated mechanical paper, average production, at mill",Fuels; burned at uncoated mechanical paper; at mill,process
91050d57-0daf-3947-a2d4-ccc5d0ccbbd7,"Fuels, burned at coated freesheet, average production, at mill",Fuels; burned at coated freesheet; at mill,process
85cc9ce7-c801-36bd-ac92-2bb7bf7b5209,"Fuels, burned at unbleached kraft bag sack paper, average production, at mill",Fuels; burned at unbleached kraft bag sack paper; at mill,process
7ee5b4ca-1a5e-3d26-8e79-0805a115e444,"RFO, combusted in industrial boiler, at pulp and paper mill (EXCL.)","Residual fuel oil, RFO; combusted in industrial boiler; at pulp and paper mill",process
7906c042-7330-3046-9b9a-92a4af4f2150,"Hog fuel, self-gen., combusted in ind. boiler, at pulp and paper mill (EXCL.)","Hog fuel; self-generated, combusted in industrial boiler; at pulp and paper mill",process
732a5578-1750-3738-b0f2-607106574358,"Paper, freesheet, uncoated, average production, at mill","Paper; freesheet, uncoated; at mill",process
51cb18c8-eb65-36b7-a20a-bc1ed819ff88,"Paper, freesheet, coated, average production, at mill","Paper; freesheet, coated; at mill",process
41c595b2-230b-3303-ac12-e059acd6312f,"Fuels, burned at bleached kraft market pulp mill, average production, at mill",Fuels; burned at bleached kraft market pulp mill; at mill,process
3fa61250-2a76-30f5-aa5e-267f99ca3ee5,"Paper, mechanical, coated, average production, at mill","Paper; mechanical, coated; at mill",process
3ca2d4df-c3d1-320a-a25d-5498ae069a6c,"Fuels, burned at coated mechanical paper, average production, at mill",Fuels; burned at coated mechanical paper; at mill,process
285cfc08-fc23-3bfc-b304-1bb4a60d2f8a,"Paper, mechanical, uncoated, average production, at mill","Paper; mechanical, uncoated; at mill",process
12ba204b-7438-49df-abbb-b8cbe817927e,"Containerboard, 100% recycled, at mill",Containerboard; 100% recycled; at mill,process
09a2ca42-3a4c-3050-8450-171f0e60f844,"Fuels, burned at uncoated freesheet, average production, at mill",Fuels; burned at uncoated freesheet; at mill,process
b5e2775b-9779-3a61-ab7b-a44bbc5e0f4e,"Prefinished engineered wood flooring, at engineered wood flooring plant, E",Prefinished engineered wood flooring; at engineered wood flooring plant,process
89268f85-c58a-3224-8a61-28e8848a2797,"Pressed raw panels, purchased, hardwood, at eng wood flooring plant, E","Pressed raw panels; purchased, hardwood; at engineered wood flooring plant",process
4b4bf45b-2bfd-3e0f-bdde-bae1bd5d7c41,"Pressed raw panels, hardwood, at engineered wood flooring plant, E",Pressed raw panels; hardwood; at engineered wood flooring plant,process
3b1cd62b-7788-3096-8b6e-9cb6cdc359f2,"Engineered flooring, hardwood, unfinished, E","Engineered flooring; hardwood, unfinished",process
027d304f-00e4-380e-9bba-4e6bde2d685a,"Solid strip and plank flooring, hardwood, E",Solid strip and plank flooring; hardwood,process
f3b8fc97-f519-3da0-80de-72a7d5551fda,"Wood Combusted, at boiler, at hardboard mill",Wood combusted; at boiler; at hardboard mill,process
eef00fd7-dbc0-3f3e-b012-56731b6b2e91,"Conditioned log, hardwood, green, at veneer mill, E","Conditioned log; hardwood, green; at veneer mill",process
cdc143eb-fff8-3618-85cd-bce83d96390f,"Veneer, hardwood, green, at veneer mill, E","Veneer; hardwood, green; at veneer mill",process
cced9535-72f6-3b3a-b3c0-ce21b98eea2b,"Cellulosic fiberboard, uncoated, at plant",Cellulosic fiberboard; uncoated; at plant,process
ca1d1dfa-fd3c-35f1-bea7-a037251deb04,"Hardboard, at hardboard plant",Hardboard; at hardboard plant,process
bf3d3ce7-aac2-3a3c-b3e8-5c0a29bfb678,"Bucked and debarked log, hardwood, green, at veneer mill, E","Bucked and debarked log; hardwood, green; at veneer mill",process
57686507-ed6b-3e06-906e-c28a7c6fb8bc,"Particleboard, average, softwood, particleboard mill",Particleboard; softwood; at particleboard mill,process
4e01da4a-71e5-3d9d-93c3-0f0a230f2735,"Medium density fiberboard (MDF), at MDF mill","Medium density fiberboard, MDF; at MDF mill",process
396f5200-0194-30c3-8b5f-96a33bde9c6c,"Heat, drying veneer, hardwood, at veneer mill, E","Heat; drying veneer, hardwood; at veneer mill",process
277ef057-4ad9-3780-a1c0-6d78321131f6,"Veneer, hardwood, dry, at veneer mill, E","Veneer; hardwood, dry; at veneer mill",process
106bcee8-0d5f-30c6-ac98-fa6dab41d4d1,"Wood Combusted, at boiler, at cellulosic fiberboard mill",Wood combusted; at boiler; at cellulosic fiberboard mill,process
0853441e-0b11-30f6-87c5-00ca7df78e21,"Heat, indirect, heated zones, softwood, plywood veneer drying, AP-42","Heat; indirect, heated zones, softwood, plywood veneer drying",process
f72ae896-25f0-35f9-affe-8d2a7ef34f92,"Lumber, softwood, borate treated, PNW","Lumber; softwood, borate treated",process
ce587724-1be4-3da0-b7a2-988592c28b9a,"Sawn lumber, hardwood, rough, green, at sawmill, SE",Sawn lumber; hardwood; rough; green; at sawmill; SE,process
bbb16d92-dd0c-33c5-92c7-feca45646d83,"Railroad tie, hardwood, rough, green, at sawmill, SE","Railroad tie; hardwood, rough, green; at sawmill",process
a24e59f5-c156-398d-9a15-7d853ef2bf37,"Railroad ties, hardwood, creosote treated, SE","Railroad ties; hardwood, creosote treated",process
8fd8357b-5ce1-3ef9-9b14-8d38a8495c79,"Sawn lumber, hardwood, rough, kiln dried, at kiln, NE-NC","Sawn lumber; hardwood, rough, kiln dried; at kiln",process
76c3919e-b238-3345-810b-c1734513a6a9,"Post, softwood, CCA treated, SE","Post; softwood, CCA treated",process
7423f694-8370-3bac-8937-f07e9edf8b68,"Sawn lumber, hardwood, rough, kiln dried, at kiln, SE",Sawn lumber; hardwood; rough; green; at sawmill; NE-NC,process
43dc823c-09c5-34c3-ae26-a4bc4bcbc751,"Poles, softwood, PCP treated","Poles; softwood, PCP treated",process
35bd31d8-b0b1-3da8-a553-df33ccd9e452,"Sawn lumber, hardwood, planed, kiln dried, at planer mill, SE",Sawn lumber; hardwood; rough; kiln dried; at kiln; SE,process
270aeae0-14c8-35fa-9d15-0f0c42fb47ca,"Marine piling, softwood, CCA treated, SE","Marine piling; softwood, CCA treated",process
2468b04f-b9b1-364d-bfbf-8ba12178096e,"Sawn lumber, hardwood, rough, green, at sawmill, NE-NC",Sawn lumber; hardwood; rough; kiln dried; at kiln; NE-NC,process
0cffeb9f-9246-3b8c-a541-92525ab98313,"Lumber, softwood, ACQ treated, SE","Lumber; softwood, ACQ treated",process
c7fec37a-a023-3563-84d6-fa33a6b19f2f,"Corn wet milling, operations, AP-42",Corn wet milling; operations,process
bc119cdf-7143-35e8-9adb-c3a92dc376b6,"Soy oil, refined, at plant",Soy oil; refined; at plant,process
88aee762-4aa0-301f-b579-cca5d636aa0d,"Soybean oil, crude, degummed, at plant","Soybean oil; crude, degummed; at plant",process
21ed2ebb-54bf-324d-9865-af8265d2d49c,"Palm kernel oil, processed, at plant",Palm kernel oil; processed; at plant,process
097d2f2c-d006-3b27-84de-98e6a364e411,"Corn wet mill, gluten drying, AP-42",Corn wet mill; gluten drying,process
f42ece3d-aae2-32f0-9297-78f3edbf500a,"Drinking water treatment; Pre-Disinfection Processes, no Adsorption; at plant",Drinking water treatment; pre-disinfection processes; no adsorption; at plant,process
eea9ea0a-a769-41de-9ac1-f23eed9e207b,"Wastewater treatment; 4-Stage bardenpho membrane bioreactor, Level 4-2; at plant",Wastewater treatment; 4-stage bardenpho membrane bioreactor; level 4-2; at plant,process
e389edf2-979a-372c-b6e0-8de8bfd28c93,"Wood fuel, MDF, purchased, combusted in industrial boiler",Wood fuel; MDF purchased; combusted in industrial boiler,process
e2f61e41-8547-44c5-b26b-ff2e2c2051f0,"Neutralization; wastewater treatment unit, cement/concrete industry; at plant",Neutralization; wastewater treatment unit; cement/concrete industry; at plant,process
e1f18612-6d5f-4ebe-81d4-843ce9b496ad,"Wastewater treatment; Anaerobic/anoxic/oxic, Level 2-1; at plant",Wastewater treatment; anaerobic/anoxic/oxic; level 2-1; at plant,process
db291182-7d45-38c4-8529-a9abc78e55e9,"Wood fuel, hardwood, purchased, combusted in industrial boiler, SE","Wood fuel; hardwood, purchased; combusted in industrial boiler; SE",process
d85c6177-4580-35f0-afd6-52125ababf10,"Heat, onsite boiler, hardwood mill, average, SE",Heat; onsite boiler; hardwood mill,process
d826bd6f-eb39-4ba9-adbf-2fd0c07ec0b9,"Wastewater treatment; 5-Stage bardenpho with sidestream reverse osmosis, Level 5-1; at plant",Wastewater treatment; 5-stage bardenpho with sidestream reverse osmosis; level 5-1; at plant,process
d30f7103-6bb0-4116-9f5b-44abe8fc756c,"Wastewater treatment; 5-Stage bardenpho membrane bioreactor with sidestream reverse osmosis, Level 5-2; at plant",Wastewater treatment; 5-stage bardenpho membrane bioreactor with sidestream reverse osmosis; level 5-2; at plant,process
c7aaeef5-a019-304e-959d-92fdccaf0896,"Wood, softwood, INW, generated at lumber mill, combusted in industrial boiler",Wood; softwood; inw; generated at lumber mill; combusted in industrial boiler,process
c47e2008-cd77-39e4-90d8-eba2cf6d2d44,"Drinking water treatment; Adsorption, with granular activated carbon; at plant",Drinking water treatment; adsorption; with granular activated carbon; at plant,process
bb0f94e7-300d-342e-9d5e-3cc00121f850,"Drinking water treatment; Distribution, by pipeline",Drinking water treatment; distribution; by pipeline,process
b6c8f126-18c1-4a70-bd24-c394e13bc1f9,"Effluent release; from Modified University of Cape Town, Level 3-2 wastewater treatment plant",Effluent release; from modified university of cape town; level 3-2 wastewater treatment plant,process
b4852b43-adee-46ea-8b71-8b192e6bda9f,"Effluent release; from conventional plug flow activated sludge, Level 1 wastewater treatment plant",Effluent release; from conventional plug flow activated sludge; level 1 wastewater treatment plant,process
a76c27ff-865f-3b30-9e01-5492988d30e6,"Drinking water treatment; Chemical Conditioning, without Adsorption; at plant",Drinking water treatment; chemical conditioning; without adsorption; at plant,process
a73f1630-a8ff-4bba-a1b4-577f3c27198f,"Effluent release; from 5-stage bardenpho system with denitrification filter, Level 4-1 wastewater treatment plant",Effluent release; from 5-stage bardenpho system with denitrification filter; level 4-1 wastewater treatment plant,process
a6d58af5-1d23-3200-8de2-2e23582f1551,"Drinking water treatment; Primary Disinfection, Gaseous Chlorine; at plant",Drinking water treatment; primary disinfection; gaseous chlorine; at plant,process
a555a537-a0f1-3e54-9008-1d56c5e342a6,"Wood fuel, hardwood, generated at mill, combusted in industrial boiler, E","Wood fuel; hardwood, generated at mill; combusted in industrial boiler",process
a410ca41-74e9-472e-b3d5-6cb4bb832fcd,"Wastewater treatment; 5-Stage bardenpho, Level 3-1; at plant",Wastewater treatment; 5-stage bardenpho; level 3-1; at plant,process
9d9b6815-9349-30af-869b-57362428c42e,"Residual fuel oil, combusted in industrial boiler",Residual fuel oil; combusted in industrial boiler,process
8a62a285-537e-36b0-bdc3-3af4bfd205a3,"Wood fuel, hardwood, generated at lumber mill, combusted in industrial boiler, SE","Wood fuel; hardwood, generated at lumber mill; combusted in industrial boiler",process
8a0090ee-4054-322f-a65d-15c8ee6ca915,"Natural gas; combusted in industrial boiler, for pyrolysis gas; at hydrocracker",Natural gas; for pyrolysis gas combusted in industrial boiler; at hydrocracker,process
86db774e-3f94-4834-8239-8691a474e881,"Effluent release; from 5-stage bardenpho, Level 3-1 wastewater treatment plant",Effluent release; from 5-stage bardenpho; level 3-1 wastewater treatment plant,process
80fa4691-56d0-3019-a021-30c3b187e63e,"Wood, particleboard, generated on-site, combusted in industrial boiler","Wood; particleboard, generated on-site; combusted in industrial boiler",process
6c96a609-cd7e-3f19-a151-27deb823d3e4,"Combustion, dry wood residue, AP-42",Combustion; dry wood residue,process
6b80eeee-54ed-3f0f-82cd-8c29e3aa5d24,"Heat, onsite boiler, hardwood mill average, NE-NC",Heat; onsite boiler; hardwood mill average,process
66cf43e1-e3fe-36b4-8653-bb5b739b0f5e,"Wood fuel, softwood, gen at lumber mill, combusted in industrial boiler, NE-NC","Wood fuel; softwood, generated at lumber mill; combusted in industrial boiler",process
61d04f2c-c8df-3b9c-8def-60328506efd2,"Wood fuel, hardwood, purchased, combusted in industrial boiler, NE-NC","Wood fuel; hardwood, purchased; combusted in industrial boiler; NE-NC",process
5dd973e3-0fc2-38d8-a25b-51b82ee2c2de,"Wood fuel, unspecified",Wood fuel; unspecified,process
5b12a6bf-921f-3e80-9bd4-1c250a6696fb,"Wood fuel, hardwood, gen at lumber mill, combusted in industrial boiler, NE-NC","Wood fuel; hardwood, generated at lumber mill; combusted in industrial boiler",process
5ad4d191-c3b5-47ba-8ed6-1e446cd6e547,"Wastewater treatment; Conventional plug flow activated sludge, Level 1; at plant",Wastewater treatment; conventional plug flow activated sludge; level 1; at plant,process
56a0a559-826a-46ff-9292-b2ba8cde47a7,"Effluent release; from 5-stage bardenpho with sidestream reverse osmosis, Level 5-1 wastewater treatment plant",Effluent release; from 5-stage bardenpho with sidestream reverse osmosis; level 5-1 wastewater treatment plant,process
55e8c918-6811-4e88-bb4e-a54203b94edc,"Wastewater treatment; Modified University of Cape Town, Level 3-2; at plant",Wastewater treatment; modified university of cape town; level 3-2; at plant,process
545d1932-c4c2-4428-94ea-17637fca1c75,"Effluent release; from activated sludge, 3-sludge system, Level 2-2 wastewater treatment plant",Effluent release; from activated sludge; 3-sludge system; level 2-2 wastewater treatment plant,process
53fe40de-ea70-4506-9196-eeed6bfe9a5e,"Effluent release; from 5-stage bardenpho membrane bioreactor with sidestream reverse osmosis, Level 5-2 wastewater treatment plant",Effluent release; from 5-stage bardenpho membrane bioreactor with sidestream reverse osmosis; level 5-2 wastewater treatment plant,process
5198d618-7bc8-3639-b4a1-de71d6d5f49a,"Combustion, wet wood residue, AP-42",Combustion; wet wood residue,process
4eec7a31-b920-3f91-b7c3-924f2aa92ecc,"Liquefied petroleum gas, combusted in industrial boiler",Liquefied petroleum gas; combusted in industrial boiler,process
494c42a7-6e24-468d-a0b8-8848ebbc44a4,"Wastewater treatment; 5-Stage bardenpho system with denitrification filter, Level 4-1; at plant",Wastewater treatment; 5-stage bardenpho system with denitrification filter; level 4-1; at plant,process
490e910e-5300-43f8-bb7b-5f72bb324f9b,"Wastewater treatment; Activated sludge, 3-sludge system, Level 2-2; at plant",Wastewater treatment; activated sludge; 3-sludge system; level 2-2; at plant,process
3a98c0e1-2ba4-33f1-8d88-35b7f92af534,"Wood fuel, softwood, purchased, combusted in industrial boiler, NE-NC","Wood fuel; softwood, purchased; combusted in industrial boiler",process
39abf743-0b9e-33e3-8752-b418609504f1,"Natural gas; combusted in industrial boiler, for butadiene; at hydrocracker",Natural gas; for butadiene combusted in industrial boiler; at hydrocracker,process
376495cb-5b37-4fe3-8e8a-5fe097ea9420,"Filtration, multi-media filter; wastewater treatment unit; at plant",Filtration; multi-media filter; wastewater treatment unit; at plant,process
3455f918-4a43-3b09-b06e-7402c12b8d45,"Wood waste, unspecified, combusted in industrial boiler","Wood fuel; hardwood, purchased; combusted in industrial boiler; E",process
2fdc10ce-f75d-30d0-b1e7-672af0eb98fe,"Wood fuel, MDF, generated on-site, combusted in industrial boiler","Wood fuel; MDF, generated on-site; combusted in industrial boiler",process
2d43bb55-3817-37dc-a7b4-20c3304f07af,"Wood fuel, hardwood, purchased, combusted in industrial boiler, E","Wood fuel; hardwood, purchased; combusted in industrial boiler; E",process
2c6df723-416e-3164-a5f1-bb97081fc64f,"Wood fuel, hardwood,gen at flooring prod plant, combusted in industrial boiler, E","Wood fuel; hardwood, generated at flooring production plant; combusted in industrial boiler",process
29d771d7-71ec-3a22-bbd0-8709d5a328e2,"Natural gas; combusted in industrial boiler, for ethylene; at hydrocracker",Natural gas; for ethylene combusted in industrial boiler; at hydrocracker,process
26465530-69ff-3c68-834f-c67ccb6ee1b2,"Bituminous coal, combusted in industrial boiler",Bituminous coal; combusted in industrial boiler,process
1e4fd434-9cd2-402a-8ebf-43891d0dd591,"Steam, purchased by containerboard mills","Wood fuel; hardwood, purchased; combusted in industrial boiler; NE-NC",process
1caf4b9c-687b-4dce-8df0-cc3961887d09,"Effluent release; from 4-stage bardenpho membrane bioreactor, Level 4-2 wastewater treatment plant",Effluent release; from 4-stage bardenpho membrane bioreactor; level 4-2 wastewater treatment plant,process
1b0f75b8-e749-3eb2-8727-de6a22f60646,"Lignite coal, combusted in industrial boiler",Lignite coal; combusted in industrial boiler,process
0f528ea6-57a9-365a-a4af-4132ebe27cae,"Natural gas; combusted in industrial boiler, for propylene; at hydrocracker",Natural gas; for propylene combusted in industrial boiler; at hydrocracker,process
08f86327-b29d-3ffa-b863-a257c2d6c952,"Drinking water treatment; Disposal, sedimentation waste to water; at plant",Drinking water treatment; disposal; sedimentation waste to water; at plant,process
0686a20c-dc09-4354-a2e3-f899cb186e35,"Filter press; wastewater treatment unit, flat glass industry; at plant",Filter press; wastewater treatment unit; flat glass industry; at plant,process
05351164-399e-4b57-a5d8-04d1e7bc1c41,"Effluent release; from anaerobic/anoxic/oxic, Level 2-1 wastewater treatment plant",Effluent release; from anaerobic/anoxic/oxic; level 2-1 wastewater treatment plant,process
fa379f16-c09a-4e70-8595-45c69162215c,"Electricity, natural gas, at power plant",Electricity; natural gas; at power plant,process
e6586e69-95a4-3396-a934-f379fbdd28f4,"Electricity, at cogen, for natural gas turbine",Electricity; for natural gas turbine; at cogen,process
e391a117-69ae-3550-987a-8f28a1444eb9,"Electricity, residual fuel oil, at power plant",Electricity; residual fuel oil; at power plant,process
dfdb7eba-dfc4-3d24-9683-58b8b0ee1346,"Electricity, biomass, at power plant",Electricity; biomass; at power plant,process
ab7f18b8-9e1b-4efc-a690-5d9ffe6e0cc1,"Electricity, at grid",Electricity; at grid,process
a6260670-e98e-3917-98bd-c14acb79fdf7,"Electricity, alumina refining regions",Electricity; alumina refining regions,process
81ab92da-bf0e-4b32-9ba8-404854a9b8bb,"Electricity, at grid",Electricity; at grid,process
66280f03-b26f-35c4-bda2-3d4a8652943a,"Electricity, bituminous coal, at power plant",Electricity; bituminous coal; at power plant,process
6023a2bf-2d42-348b-bee7-caae15319edb,"Electricity, bauxite mining regions",Electricity; bauxite mining regions,process
5b26dd62-5ab0-3822-b39c-6aa187efc9e5,"Electricity, lignite coal, at power plant",Electricity; lignite coal; at power plant,process
4d21df14-9a73-31ce-9a5f-dee0cd2a2aed,"Electricity, aluminum smelting and ingot casting regions",Electricity; aluminum smelting and ingot casting regions,process
4b3de918-4d30-3184-bdaa-60d8575c5af4,"Electricity, diesel, at power plant",Electricity; diesel; at power plant,process
2b091e0d-d0de-31a1-89db-3f51a9c5cf12,"Electricity, nuclear, at power plant",Electricity; nuclear; at power plant,process
76a47261-8a9c-30a2-93a6-f5a029aded6f,"Bauxite, at mine",Bauxite; at mine,process
5dacfb93-571f-3502-bf9e-1ce678de151d,"Sodium chloride, at plant",Sodium chloride; at plant,process
4cb0c558-b0ac-3656-bc1f-95b477c14921,"Soda powder, at plant",Soda powder; at plant,process
49e563d8-0cea-3f97-96b8-15787be48b91,"Limestone, at mine",Limestone; at mine,process
0d95cc8b-a9a0-3630-a760-1ab4d88257d8,"Natural soda ash (Sodium carbonate), at plant","Natural soda ash, sodium carbonate; at plant",process
de182d9f-35b5-333a-8012-445b93549447,"Anthracite coal, at mine",Anthracite coal; at mine,process
fcbe548c-bcd5-40b2-979c-53df809835f9,"Crude oil, on-shore import, at extraction",Crude oil; on-shore import; at extraction,process
f2996639-3901-4d02-8046-4e647947b7cb,"Natural gas, conventional onshore; at extraction",Natural gas; conventional onshore; at extraction,process
ee8077d4-d28c-46c4-9f15-5b22bce6063d,"Natural gas, production mixture; at processing",Natural gas; production mixture; at processing,process
e7425edd-537c-497f-aa4b-7a8a79b1ab4a,"Natural gas, Barnett Shale; at extraction",Natural gas; barnett shale; at extraction,process
e53e0de4-6c90-3519-850b-eb670f2c641b,"Crude oil, production mixture, at extraction",Crude oil; production mixture; at extraction,process
dfa7acbc-4a41-3329-951d-b6cde899c91e,"Sulfur, at plant",Sulfur; at plant,process
d3db6ab2-33de-453b-ac74-0567ba7fa95b,"Natural gas, production mixture, to energy use; at processing",Natural gas; processed for energy use; at plant,process
ce83ed94-a5ea-47d4-a52f-43223b22247c,"Crude oil, off-shore import, at extraction",Crude oil; off-shore import; at extraction,process
bc4c2bad-4bdb-4402-8aed-74efc5781057,"Natural gas, conventional offshore; at extraction",Natural gas; conventional offshore; at extraction,process
a8b6bb7c-0274-41de-8385-ef5f8a03f9bf,"Natural gas, production mixture, to material use; at processing",Natural gas; processed for material use; at plant,process
8dcef86f-cf2c-4207-91aa-1398401fe8b7,"Natural gas, conventional; at processing",Natural gas; conventional; at processing,process
7bfdfa88-b857-4a4a-bbb9-3f51ddc15d30,"Natural gas, shale; at processing",Natural gas; shale; at processing,process
7ae49a74-3d24-4b32-ae19-ddbf6e0ae94a,"Natural gas, conventional onshore associated; at extraction",Natural gas; conventional onshore associated; at extraction,process
76048c3b-d6d3-4f3b-8215-87ece218b4a2,"Crude oil, off-shore domestic, at extraction",Crude oil; off-shore domestic; at extraction,process
5b7c9f9b-8460-4afd-a560-b441f0fcf408,"Natural gas, Marcellus Shale; at extraction",Natural gas; marcellus shale; at extraction,process
3dd5638d-cb25-4e78-90c7-8dd98188f733,"Crude oil, on-shore domestic, at extraction",Crude oil; on-shore domestic; at extraction,process
0945cc82-1126-45c3-b525-6d4fc913aa09,"Natural gas, coal bed methane; at extraction",Natural gas; coal bed methane; at extraction,process
058ef703-9452-44a8-84e6-d14551e61713,"Natural gas, production mixture; at extraction",Natural gas; production mixture; at extraction,process
fef4bce7-747e-30a8-adea-c11de716b08b,"Fertilizer, switchgrass, 2022",Fertilizer; switchgrass,process
f04300c5-ea44-3525-b6ab-c4b8b27b127e,"Switchgrass, harvested, wet","Switchgrass; harvested, wet",process
d7a673e2-dc84-31fa-b15c-a03a6863c8dd,"Tillage, intensive, corn production","Tillage; intensive, corn production",process
d67585e4-5ddf-3722-a4cc-0b7576a05b07,"Tillage, reduce, corn production","Tillage; reduce, corn production",process
d5b0f333-d1b3-3ba1-8111-b036b67589f8,"Tillage, conservation, corn production","Tillage; conservation, corn production",process
ccc739c2-aec2-30d0-a1f1-a7ae81af1e8a,Grinding,Grinding corn,process
c0138d7e-3eac-3b37-b27a-58c9d5a2d1cf,"Corn stover, carted",Corn stover; carted,process
a941c19b-ed3f-34a9-a91b-ee31e2d6ac18,"Planting, switchgrass, 2022",Planting; switchgrass,process
a40d4e00-67c2-3f4c-8c2b-1c67a28e6c5c,"Pesticide, switchgrass",Pesticide; switchgrass,process
a2ee77db-89d4-39c4-88a4-a969c95e01d0,"Harvest, switchgrass",Harvest; switchgrass,process
99898750-1f41-3c25-8ee0-aaae4b6697d0,"Spring wheat straw, carted, 2022",Spring wheat straw; carted,process
8504caf4-bea5-3ab2-b8f9-d4861e819f92,"Corn grain, harvested and stored",Corn grain; harvested; at storage,process
786522bf-e3a2-3db6-8794-a8d26a370faa,"Harvest, wheat, single pass",Wheat harvest; single pass,process
727c4049-41db-3645-a4f9-af66fa92dee0,"Switchgrass, carted, 2022",Switchgrass; carted,process
630010e9-27e1-3ea8-9845-b87832b536f4,"Harvest, corn, single pass","Harvest; corn, single pass",process
55d8bf4f-025a-3927-bb96-235d37ba79fc,"Lime, agricultural, corn production",Lime application for corn production; at field,process
4e38a874-76e2-3c20-bc6a-eea62883ebaa,"Winter wheat straw, ground and stored",Winter wheat straw; ground; at storage,process
4be84642-28cb-3508-9189-d8afcec42d92,"Corn stover, ground and stored",Corn stover; ground; at storage,process
3cfa52ac-c3d6-3ce2-b8f4-211bf63d7088,"Spring wheat straw, ground and stored, 2022",Spring wheat straw; ground; at storage,process
3221bb51-ac5f-36b7-a5c4-d81a5c65ccf0,"Winter wheat straw, carted",Winter wheat straw; carted,process
2813d2f3-6813-34d8-b47b-b464f390bcaf,"Pesticide, corn, 2022",Pesticide; corn,process
25b4ad17-ccd9-36ff-8ed5-4ad7b4814ae3,"Switchgrass, ground and stored, 2022",Switchgrass; ground; at storage,process
24ccf5c5-25f5-35da-bead-5edf4e14cdc1,"Fertilizer, corn, 2022",Corn fertilizer mix; at field,process
238589f8-deaf-3218-84e9-703a9bd7f3e1,"Fertilizer, stover, 2022",Fertilizer; stover,process
14b0912f-fb6d-321d-8f42-0ea35918689f,"Fertilizer, winter wheat straw, 2022",Winter wheat straw fertilizer mix; at field,process
0375c701-8d66-3b47-af2e-26b0c43c722f,"Harvesting, fresh fruit bunch, at farm, 2003",Harvesting; fresh fruit bunch; at farm,process
fa501a68-3e1d-3ef1-84a0-48eead282f98,"Pulpwood, softwd, avg, state or private moist forest, at forest rd, INW",Pulpwood; softwd; avg; state or private moist forest; at forest rd; INW,process
de5a0b9b-af46-3476-84e0-f0464d984b7f,"Skidding, wheeled cable skidder, 120-160 HP",Skidding; wheeled cable skidder; 120-160 HP,process
d18fec71-abe4-3cf5-ad82-4cf4fb8eadc7,"Bark, softwood, national forest, average, at forest road, INW",Bark; softwood; national forest; average; at forest road; INW,process
cb5600fe-948c-3fd0-80f3-35cf5b0d7832,"Bark, softwood, average, state or private dry forest, at forest road, INW",Bark; softwood; average; state or private dry forest; at forest road; INW,process
c39dbfd7-d8de-3df9-8e9b-d2bdc3037cf4,"Bark, softwood, average, at forest road, NE-NC",Bark; softwood; average; at forest road; NE-NC,process
bada054f-b912-3251-96c1-19e64cde8930,"Pulpwood, hardwood, average, at forest road, NE-NC",Pulpwood; hardwood; average; at forest road; NE-NC,process
baaac50f-23d5-3bd1-8970-1cae058f4234,"Roundwood, hardwood, green, at logyard, NE-NC",Roundwood; hardwood; green; at logyard; NE-NC,process
91adaeaa-cca7-30ea-aa3a-b1ba58bd2602,"Skidding, aerial cable yarder, medium",Skidding; aerial cable yarder; medium,process
906cf3a2-6299-3d9c-8a4b-1fe4240b71da,"Pulpwood, softwood, average, at forest road, NE-NC",Pulpwood; softwood; average; at forest road; NE-NC,process
867e7c9e-178d-394a-8d82-a87226fb9331,"Bark, softwood, average, state or private moist cold forest, at forest road, INW",Bark; softwood; average; state or private moist cold forest; at forest road; INW,process
6baa9816-6151-3af1-b230-d28bebfb5227,"Roundwood, hardwood, green, at mill, SE",Roundwood; hardwood; green; at mill; SE,process
655c14ed-5b78-3e50-96e5-e21f710143fe,"Roundwood, hardwood, green, at mill, NE-NC",Roundwood; hardwood; green; at mill; NE-NC,process
640186a9-d4e0-39cd-9c23-95c215738edd,"Roundwood, hardwood, green, at mill, E",Roundwood; hardwood; green; at mill; E,process
515c5359-a186-3394-b849-8676652228db,"Forest residue, processed and loaded, at landing system",Forest residue; processed and loaded; at landing system,process
4a8e5076-be9b-37a6-8cc1-70ef1c80fce3,"Pulpwood, softwood, average, at forest road, INW",Pulpwood; softwood; average; at forest road; INW,process
4a42fda8-640a-3152-9741-f64c558be34d,"Roundwood, hardwood, green, at logyard, SE",Roundwood; hardwood; green; at logyard; SE,process
2a06be6e-8317-32e0-b5da-0b7b94dc3b15,"Chainsawing, hand felling and delimbing, INW",Chainsawing; hand felling and delimbing; INW,process
20b49008-b007-3407-95b0-92b796e5e2c0,"Pulpwood, softwood, national forest, average, at forest road, INW",Pulpwood; softwood; national forest; average; at forest road; INW,process
18ecd091-9cf4-3a59-a169-d0a4cb646a96,"Bark, softwood, average, at forest road, INW",Bark; softwood; average; at forest road; INW,process
10a86db5-7f96-35cb-83c3-4912877b7eb7,"Pulpwood, softwood, average, state or private dry forest, at forest road, INW",Pulpwood; softwood; average; state or private dry forest; at forest road; INW,process
0b5a14e7-bf8f-380e-87de-af92dd61e21b,"Bark, hardwood, average, at forest road,  NE-NC",Bark; hardwood; average; at forest road;  NE-NC,process
96087256-d181-30c8-ae17-f25e1f0eab0c,"Forest residue, dried, stored",Forest residue; dried; at storage,process
9c36427d-76de-314c-bfca-4d714b71c9a5,"Switchgrass, production, US, 2022",Switchgrass; at field,process
3ffdd525-d623-363f-8876-1999b0f5130f,"Cotton, whole plant, at field",Cotton; whole plant; at field,process
91663389-8cd1-3272-9f06-cdc87c8ce7d9,"Potato, whole plant, at field",Potato; whole plant; at field,process
d6439ada-877c-30ff-92b2-875e88b88141,"Wheat, at field",Wheat; at field,process
c77a668e-733b-3e86-9a1d-bcec8b0064dc,"Crude palm kernel oil, at plant",Crude palm kernel oil; at plant,process
a9f691e0-2be5-376a-ba35-294bb7849840,"Palm kernels, at plant",Palm kernels; at plant,process
a3b730ce-d657-383b-b485-e5d082d96424,"Winter wheat straw, production, average, US, 2022",Winter wheat straw; at field,process
956b53b9-dd05-35ae-a072-69f1f6906290,"Soybean grains, at field",Soybean grains; at field,process
6e19103d-ed39-3b71-8c51-0c65b85002a4,"Corn, decomposition, 15.5% moisture",Corn; decomposition; 15.5% moisture,process
5abfba66-c3cb-38f2-8b01-9f566c5ab656,"Rapeseed, whole plant, at field",Rapeseed; whole plant; at field,process
4d09380a-6297-392c-b1bb-74534b4d3d8e,"Corn stover, production, average, US, 2022",Corn stover; at field,process
4c6eed4c-5f5e-30c7-8948-956c79c4806d,"Rice, at field",Rice; at field,process
1cbbcd09-ea17-3d9b-bc34-2cf42efe26ba,"Corn, production, average, US, 2022",Corn; at field,process
11256034-2355-3add-ade9-59983025dded,"Corn, whole plant, at field",Corn; whole plant; at field,process
